age,annual_income,credit_score,loan_amount,loan_term_months,employment_years,debt_to_income,existing_loans,savings_balance,home_ownership,education,marital_status,dependents,purpose,loan_approved
25,76567.0,657.0,27059.0,60,4.0,0.269,1,7423.0,Mortgage,High School,Single,0,Debt Consolidation,0
55,79738.0,706.0,23960.0,60,18.7,0.309,1,14966.0,Rent,High School,Divorced,2,Car,1
50,70792.0,724.0,20191.0,60,17.6,0.118,1,36633.0,Rent,Bachelor,Married,0,Home Improvement,0
40,31469.0,670.0,3000.0,36,,0.064,4,7376.0,Rent,,Single,0,Car,0
40,20456.0,790.0,5201.0,60,12.9,0.311,1,2632.0,Mortgage,High School,Single,0,Car,0
59,,753.0,10380.0,48,29.1,0.476,1,3313.0,Own,Bachelor,Single,0,Debt Consolidation,0
24,49436.0,662.0,22774.0,60,0.2,0.265,0,12793.0,Other,Bachelor,Married,0,Car,1
52,77296.0,734.0,5176.0,24,24.5,0.083,1,12766.0,Rent,Master,Single,0,Medical,1
30,86840.0,819.0,29097.0,60,7.4,0.281,1,20058.0,Rent,Bachelor,Divorced,1,Debt Consolidation,0
25,66254.0,821.0,40796.0,72,1.0,0.156,3,5504.0,Rent,Bachelor,Single,0,Car,1
44,89300.0,592.0,54372.0,36,17.1,0.313,0,8424.0,Other,Bachelor,Single,0,Debt Consolidation,0
64,69211.0,613.0,54113.0,72,25.3,0.426,0,6193.0,Own,Bachelor,Single,0,Home Improvement,1
54,79963.0,787.0,24305.0,36,28.4,0.217,0,35374.0,Mortgage,High School,Married,0,Debt Consolidation,0
55,44207.0,604.0,19491.0,24,25.6,0.41,1,4381.0,Mortgage,High School,Married,0,Debt Consolidation,0
53,56879.0,,10707.0,24,12.8,0.146,0,19872.0,Mortgage,Doctorate,Divorced,2,Debt Consolidation,0
56,68142.0,645.0,,60,21.4,0.32,0,12363.0,Rent,Master,Single,0,Home Improvement,1
44,91926.0,710.0,12313.0,48,14.5,0.246,1,28559.0,Rent,High School,Single,1,Debt Consolidation,0
26,51323.0,673.0,32609.0,36,2.3,0.191,1,4193.0,Rent,Bachelor,Married,0,Medical,0
58,79622.0,633.0,30785.0,48,18.6,0.163,0,33811.0,Rent,Bachelor,Married,4,Home Improvement,0
41,54573.0,631.0,24937.0,36,15.8,0.12,1,5755.0,Mortgage,High School,Married,1,Car,0
43,58599.0,629.0,16213.0,36,6.7,0.127,3,16890.0,Rent,,Married,2,,0
37,92324.0,617.0,36862.0,60,8.0,0.341,2,22977.0,Mortgage,Doctorate,Married,0,Home Improvement,0
29,23819.0,830.0,3000.0,48,8.8,0.271,2,0.0,Mortgage,Bachelor,Single,1,Home Improvement,0
62,33276.0,701.0,16220.0,60,20.1,0.212,0,7509.0,Mortgage,High School,Divorced,1,Business,0
56,30438.0,744.0,3000.0,48,18.2,0.172,1,7743.0,Other,Master,Single,1,Business,0
49,20227.0,645.0,25307.0,72,21.1,0.315,0,12687.0,Rent,Bachelor,Married,1,,0
39,44771.0,667.0,20726.0,36,12.3,0.104,1,8114.0,Mortgage,Bachelor,Single,0,Business,0
58,88842.0,,3000.0,36,16.5,0.038,2,11601.0,Rent,Bachelor,Married,1,Debt Consolidation,0
45,54076.0,489.0,16805.0,24,10.1,0.273,1,13471.0,Mortgage,High School,Married,0,Education,0
40,68175.0,,13985.0,48,14.2,0.232,0,,Mortgage,High School,Divorced,1,Business,0
41,104581.0,550.0,35011.0,48,10.5,0.195,4,23285.0,Rent,Doctorate,Married,2,Debt Consolidation,0
31,117264.0,518.0,36420.0,60,4.5,0.194,3,23311.0,Rent,Bachelor,Married,4,Medical,0
25,59976.0,594.0,31338.0,36,1.0,0.236,0,18482.0,Mortgage,Master,Married,1,Car,0
45,118730.0,775.0,23796.0,12,14.9,0.133,1,,Mortgage,High School,Married,0,Home Improvement,0
60,64803.0,677.0,25581.0,48,31.7,0.427,2,10423.0,Mortgage,Master,Married,1,Business,0
23,41479.0,773.0,22449.0,72,0.0,0.113,1,16306.0,Mortgage,Bachelor,Single,1,Car,1
59,46610.0,710.0,29297.0,36,28.2,0.205,1,18387.0,Mortgage,Bachelor,Married,1,Car,0
58,30462.0,736.0,7203.0,24,17.5,0.51,1,1477.0,Mortgage,Bachelor,Single,0,Home Improvement,0
33,40481.0,615.0,3253.0,36,10.4,0.318,1,10303.0,Rent,Bachelor,Married,0,Education,0
49,52211.0,718.0,30569.0,36,16.8,0.273,0,27222.0,Mortgage,High School,Single,3,Home Improvement,0
28,91182.0,732.0,3000.0,36,4.4,0.258,1,37525.0,,High School,Married,3,Business,0
55,141614.0,638.0,77466.0,36,13.4,0.219,1,32314.0,Own,Master,Married,1,Education,0
52,31935.0,720.0,19882.0,48,21.5,0.375,1,4338.0,Mortgage,High School,Married,1,Business,0
36,74865.0,721.0,39539.0,36,7.2,0.213,4,17667.0,,High School,Divorced,2,Medical,0
24,37625.0,640.0,3000.0,36,0.9,0.147,1,0.0,Other,Master,Single,1,Education,0
64,77866.0,599.0,3249.0,12,32.9,0.143,2,6947.0,Own,High School,Married,2,Car,0
41,58219.0,595.0,3000.0,60,8.7,0.35,3,25058.0,Rent,Bachelor,Married,2,Home Improvement,0
61,25747.0,686.0,11985.0,36,18.4,0.134,0,6903.0,Own,Master,Married,2,Debt Consolidation,1
51,96807.0,,63519.0,36,8.0,0.367,1,13670.0,Rent,Master,Married,1,Debt Consolidation,0
56,,,8176.0,24,20.0,0.275,1,6439.0,Own,High School,Single,3,Education,0
55,,682.0,13159.0,48,16.5,0.174,1,0.0,Rent,,Married,0,Business,0
29,37101.0,721.0,8286.0,60,6.9,0.378,3,0.0,Mortgage,Bachelor,Single,2,Debt Consolidation,0
37,45290.0,725.0,6651.0,12,3.8,0.157,0,8976.0,Other,Bachelor,Married,0,Car,0
42,76136.0,792.0,11940.0,24,14.3,0.325,0,18894.0,Rent,Master,Married,2,Medical,1
43,56616.0,772.0,11877.0,24,11.7,0.35,2,,Own,Doctorate,Single,0,Debt Consolidation,0
22,72595.0,608.0,51822.0,48,0.0,0.239,3,7882.0,Mortgage,High School,Married,0,Debt Consolidation,0
45,73763.0,801.0,27541.0,72,12.2,0.529,1,10868.0,Rent,High School,Married,1,Car,0
27,116869.0,642.0,76937.0,36,3.8,0.187,0,11409.0,Other,Master,Married,2,Home Improvement,0
54,52594.0,755.0,28890.0,36,22.2,0.223,3,8785.0,Mortgage,Bachelor,Single,1,Education,1
51,30516.0,685.0,19750.0,60,19.2,0.316,1,9760.0,Own,Master,Married,1,Home Improvement,0
62,103482.0,650.0,73526.0,60,26.8,0.402,2,21561.0,Own,High School,Married,2,Car,0
54,52880.0,550.0,15001.0,36,25.0,0.467,2,8545.0,Rent,High School,Married,0,Medical,0
37,105862.0,668.0,79687.0,24,5.3,0.422,2,20868.0,,Bachelor,Married,1,Education,0
64,74527.0,568.0,44947.0,36,34.4,0.336,2,27067.0,Rent,Doctorate,Single,0,Car,0
39,58218.0,750.0,39213.0,60,11.0,0.466,3,13266.0,Mortgage,High School,Divorced,3,Medical,1
35,73299.0,789.0,37290.0,60,3.2,0.106,1,18746.0,Rent,Master,Single,0,Car,0
61,158162.0,623.0,106195.0,48,23.9,0.136,0,21096.0,Mortgage,Bachelor,Single,1,Home Improvement,0
37,168020.0,702.0,60267.0,60,6.3,0.083,3,7540.0,Own,High School,Married,2,Debt Consolidation,0
24,64100.0,628.0,43365.0,36,2.5,0.285,2,1039.0,Rent,,Married,0,,0
42,66955.0,635.0,31524.0,36,14.9,0.267,3,6179.0,Mortgage,High School,Married,0,Home Improvement,0
56,103931.0,736.0,68845.0,12,16.7,0.16,0,17924.0,Mortgage,Bachelor,Single,4,Debt Consolidation,0
29,41315.0,677.0,27874.0,60,5.9,0.308,1,4912.0,Rent,Bachelor,Single,2,Business,0
41,72748.0,805.0,54917.0,48,15.1,0.314,0,5808.0,Rent,Bachelor,Married,1,Medical,0
26,61235.0,645.0,43605.0,36,5.3,0.325,0,6947.0,Rent,High School,Single,1,Business,1
51,72082.0,752.0,37455.0,12,21.3,0.266,0,20550.0,Mortgage,Master,Married,3,Home Improvement,0
42,41559.0,687.0,,60,15.6,0.225,2,9551.0,Rent,Master,Married,0,Car,0
35,28909.0,737.0,6743.0,60,9.8,0.193,2,6590.0,Own,Bachelor,Single,1,Debt Consolidation,0
31,22922.0,,19709.0,48,2.9,0.15,0,12310.0,Own,Bachelor,Married,0,Education,0
46,36263.0,,26259.0,24,9.4,0.211,3,10309.0,Rent,Doctorate,Divorced,1,Home Improvement,0
51,49748.0,672.0,20525.0,60,16.3,0.096,3,5934.0,,High School,Married,2,Car,0
63,53861.0,620.0,23299.0,60,26.4,0.163,3,6130.0,Other,Master,Single,2,Car,0
40,157119.0,728.0,60005.0,48,10.1,0.324,1,31159.0,Rent,Bachelor,Married,0,Car,0
28,105426.0,727.0,22755.0,48,4.1,0.172,1,23714.0,Other,Master,Divorced,1,Car,0
58,39069.0,723.0,12644.0,60,16.0,0.116,2,10108.0,Rent,Bachelor,Married,2,Business,0
49,73261.0,791.0,24760.0,72,24.2,0.27,2,34197.0,Mortgage,Bachelor,Single,0,Home Improvement,1
52,,784.0,31696.0,48,15.0,0.264,4,7814.0,Rent,Bachelor,Single,1,Debt Consolidation,0
25,54089.0,653.0,49488.0,36,,0.224,0,34679.0,Own,High School,Married,0,Car,0
35,67768.0,707.0,33703.0,36,8.7,0.328,1,7829.0,Own,High School,Married,0,Home Improvement,0
55,83457.0,635.0,16784.0,60,15.5,0.292,0,5476.0,Other,Doctorate,Divorced,0,Business,0
58,52683.0,682.0,19658.0,48,,0.317,2,1877.0,Other,High School,Divorced,1,Car,0
40,103315.0,637.0,52912.0,12,6.3,0.246,1,18524.0,Rent,High School,Single,1,Home Improvement,0
57,35838.0,797.0,6621.0,24,15.3,0.139,0,5870.0,Mortgage,High School,Married,1,Debt Consolidation,0
58,62189.0,,13824.0,60,13.2,0.254,0,17029.0,Rent,Bachelor,Single,0,Car,0
38,,664.0,99272.0,60,10.1,0.179,0,18273.0,Rent,Bachelor,Single,3,Car,0
61,69007.0,766.0,18305.0,72,,0.147,3,4021.0,Rent,High School,Single,1,Business,1
33,,524.0,70485.0,36,12.1,0.297,1,7575.0,Own,Master,Divorced,1,Education,0
31,64784.0,,20719.0,60,2.8,0.404,2,21527.0,Mortgage,Master,Single,1,Debt Consolidation,0
51,81933.0,737.0,9978.0,60,9.2,0.208,2,2084.0,Rent,High School,Married,0,Car,0
49,60333.0,684.0,14130.0,36,11.1,0.193,2,,Other,Master,Married,0,Home Improvement,0
27,57131.0,698.0,24564.0,24,5.7,0.175,0,15075.0,Own,Bachelor,Single,0,,0
58,42648.0,584.0,29255.0,72,25.7,0.408,3,14144.0,Rent,Bachelor,Married,2,Debt Consolidation,0
29,76224.0,678.0,43568.0,12,7.5,0.082,2,26370.0,Mortgage,Master,Single,0,Home Improvement,0
57,41198.0,824.0,9510.0,48,24.0,0.344,4,1301.0,Mortgage,Master,Single,0,Business,0
21,85338.0,739.0,25623.0,48,,0.34,2,19865.0,Mortgage,Bachelor,Married,0,Debt Consolidation,0
56,104384.0,,16816.0,60,18.5,0.201,0,24452.0,Mortgage,Bachelor,Married,1,Medical,0
56,73926.0,648.0,24864.0,36,13.4,0.178,3,27812.0,Mortgage,Bachelor,Married,4,Education,0
56,54041.0,652.0,41879.0,60,24.7,0.373,1,531.0,Rent,Bachelor,Married,1,Medical,1
50,77095.0,527.0,39110.0,24,15.6,,0,4362.0,Mortgage,Bachelor,Single,1,Debt Consolidation,0
42,53462.0,699.0,32517.0,60,12.7,0.231,1,6058.0,Rent,High School,Single,1,Car,0
52,97144.0,741.0,,24,22.3,0.104,2,17743.0,Rent,Master,Married,1,Debt Consolidation,0
33,25740.0,567.0,3000.0,60,4.9,0.401,0,16458.0,Rent,Master,Divorced,0,Education,0
56,52775.0,632.0,16117.0,60,25.1,0.225,1,16243.0,Mortgage,High School,Single,0,Business,0
46,23844.0,597.0,7132.0,24,18.4,0.303,0,7182.0,Mortgage,Master,Single,1,Business,0
41,30250.0,610.0,,36,11.6,0.101,1,4906.0,Mortgage,Master,Divorced,2,Car,0
43,119318.0,684.0,60789.0,60,18.4,0.116,2,,Rent,Bachelor,Divorced,3,Home Improvement,0
46,95280.0,530.0,25146.0,24,12.1,0.086,2,18372.0,Other,Bachelor,Single,1,Education,0
22,43894.0,724.0,31579.0,24,0.8,0.35,0,15043.0,Rent,Master,Married,3,Medical,0
27,30142.0,734.0,19869.0,36,4.8,0.365,1,,,Doctorate,Married,2,Debt Consolidation,0
32,18000.0,662.0,12202.0,72,5.3,0.146,1,9025.0,Rent,Bachelor,Married,2,Car,0
26,47763.0,501.0,30445.0,48,3.5,0.279,1,0.0,Mortgage,Bachelor,Married,0,Medical,0
40,198132.0,608.0,126535.0,36,6.1,0.421,3,29958.0,Mortgage,Master,Divorced,1,Business,0
51,76392.0,769.0,39299.0,72,20.2,0.086,2,36556.0,Mortgage,Doctorate,Single,1,Business,1
50,47396.0,480.0,30904.0,36,18.9,0.443,1,13238.0,Own,High School,Married,2,Car,0
42,77507.0,655.0,25397.0,36,13.9,0.082,1,26285.0,Mortgage,Bachelor,Single,2,Business,0
59,29308.0,595.0,31975.0,36,27.8,0.406,0,,Mortgage,Master,Married,1,Car,0
46,53754.0,738.0,16956.0,36,8.5,0.187,1,,Mortgage,High School,Married,1,Medical,0
24,65032.0,631.0,31276.0,36,0.1,0.214,2,28027.0,Other,Bachelor,Married,2,Home Improvement,0
55,59490.0,709.0,46084.0,60,,0.329,2,11540.0,Other,Bachelor,Divorced,1,Medical,0
46,90624.0,721.0,17815.0,12,11.2,0.355,0,5925.0,Mortgage,Bachelor,Married,0,Car,0
49,73154.0,812.0,40828.0,60,15.6,0.424,2,7600.0,Own,Master,Married,3,Home Improvement,0
46,85450.0,665.0,64911.0,24,10.0,0.347,1,23148.0,Own,High School,Single,0,Home Improvement,0
45,44555.0,707.0,14897.0,36,14.3,0.221,1,3832.0,Other,Master,Divorced,0,Business,0
25,95401.0,573.0,43430.0,24,1.0,0.175,2,29796.0,Rent,Bachelor,Married,1,Medical,0
46,135507.0,766.0,91322.0,48,15.8,0.195,1,47495.0,Other,Master,Married,2,Debt Consolidation,0
56,38918.0,625.0,30972.0,60,18.6,,0,2439.0,Mortgage,Bachelor,Married,2,,0
34,40489.0,640.0,10030.0,36,8.7,0.297,3,1289.0,Mortgage,High School,Single,2,Home Improvement,1
48,117720.0,678.0,39309.0,24,13.8,0.092,0,30009.0,Mortgage,Doctorate,Married,3,Car,0
22,56559.0,567.0,24710.0,36,0.6,0.238,1,4136.0,Rent,Master,Single,0,Car,0
36,121628.0,,46008.0,60,10.9,0.137,0,24100.0,Own,Bachelor,Single,1,Education,0
40,50135.0,750.0,6332.0,36,10.3,0.316,2,14394.0,Mortgage,High School,Divorced,0,Business,0
65,124656.0,701.0,20549.0,60,18.1,0.366,2,24206.0,Rent,Bachelor,Divorced,1,Home Improvement,1
30,,566.0,11126.0,36,,,1,21088.0,Mortgage,Doctorate,Married,2,Debt Consolidation,0
33,70181.0,671.0,47937.0,24,4.0,0.239,0,22529.0,Rent,Bachelor,Divorced,1,Debt Consolidation,0
39,131394.0,733.0,59123.0,60,12.9,0.455,2,14225.0,Mortgage,Doctorate,Married,0,Business,0
65,52117.0,545.0,19928.0,36,26.6,0.219,2,,Mortgage,Bachelor,Single,1,Home Improvement,0
59,39464.0,603.0,14438.0,12,15.9,0.155,3,,Mortgage,Master,Divorced,1,Business,0
22,49990.0,743.0,21366.0,72,1.4,0.113,2,11123.0,Rent,Bachelor,Married,1,Medical,0
31,77035.0,699.0,9528.0,24,8.5,,0,4373.0,Rent,High School,Married,1,Education,0
57,29241.0,710.0,3000.0,36,31.5,0.311,0,3422.0,Rent,Master,Married,1,Debt Consolidation,0
23,84194.0,814.0,3000.0,36,5.0,0.206,3,7911.0,Mortgage,High School,Married,2,Home Improvement,1
59,,714.0,16881.0,36,27.8,0.182,0,10871.0,Own,Doctorate,Single,2,Debt Consolidation,1
33,107564.0,727.0,19907.0,60,10.6,0.133,0,19100.0,Own,High School,Divorced,2,Debt Consolidation,0
62,19646.0,,3000.0,12,15.5,0.282,3,7207.0,Mortgage,High School,Single,4,Debt Consolidation,0
34,42503.0,665.0,18886.0,72,8.1,0.301,2,11865.0,Rent,Master,Married,0,Debt Consolidation,0
40,27595.0,623.0,3000.0,48,5.6,0.461,0,9835.0,Rent,Bachelor,Single,2,,0
50,41702.0,,27930.0,72,19.5,0.251,5,11765.0,Own,High School,Married,0,Car,0
26,69827.0,712.0,41271.0,60,1.7,0.137,2,11122.0,Mortgage,Bachelor,Single,0,Home Improvement,0
46,56889.0,642.0,48485.0,72,13.5,0.255,2,11090.0,Rent,High School,Married,0,Debt Consolidation,0
43,54900.0,606.0,32036.0,48,18.5,0.187,2,2716.0,Mortgage,Master,Married,1,Medical,0
56,57439.0,830.0,3000.0,36,14.6,0.383,2,7783.0,Mortgage,High School,Single,2,Business,0
65,68358.0,704.0,23085.0,36,23.9,0.12,1,24401.0,Rent,Bachelor,Single,1,Home Improvement,1
50,38208.0,627.0,11447.0,48,18.9,0.157,4,16388.0,Rent,High School,Single,1,Education,1
39,87045.0,,30588.0,36,5.3,0.157,0,27605.0,Mortgage,Bachelor,Married,0,Debt Consolidation,1
39,85218.0,672.0,28656.0,60,12.9,0.277,1,2115.0,Rent,Master,Married,2,Debt Consolidation,0
39,74586.0,662.0,39546.0,24,15.3,0.386,2,6981.0,Mortgage,Master,Single,1,Home Improvement,0
57,80986.0,720.0,16577.0,60,15.8,0.193,3,9953.0,Own,Bachelor,Married,0,Car,0
35,71480.0,587.0,38813.0,24,6.6,0.213,1,37893.0,Other,High School,Single,0,Business,0
28,164674.0,705.0,111442.0,72,0.0,,3,7344.0,Rent,High School,Divorced,3,Debt Consolidation,0
36,59462.0,818.0,41836.0,24,,0.246,2,17616.0,Rent,Master,Divorced,2,Education,1
22,53503.0,714.0,25136.0,24,3.2,0.172,2,11638.0,Mortgage,High School,Married,3,Medical,1
25,43183.0,653.0,16530.0,60,2.3,0.069,2,5170.0,Rent,Bachelor,Single,1,Car,0
25,37775.0,643.0,3000.0,60,1.5,0.363,3,12204.0,Own,Bachelor,Married,2,Education,0
55,34117.0,650.0,9386.0,60,18.0,0.372,1,2082.0,Mortgage,Doctorate,Divorced,0,Car,0
53,40468.0,662.0,20954.0,72,18.4,0.422,2,2673.0,Mortgage,Bachelor,Single,1,Car,0
52,59932.0,653.0,15687.0,36,19.1,0.329,2,12087.0,Own,,Married,2,Debt Consolidation,0
41,,746.0,23728.0,60,12.9,0.294,0,10173.0,Rent,Master,Divorced,3,Home Improvement,0
53,63541.0,,52648.0,36,17.3,0.287,2,15038.0,Mortgage,Doctorate,Married,1,Debt Consolidation,0
28,42935.0,742.0,10550.0,48,3.4,0.271,1,7578.0,Own,Bachelor,Married,2,Education,0
61,95509.0,653.0,36608.0,36,19.1,0.215,3,52736.0,Rent,Master,Married,0,Car,1
43,88416.0,707.0,45248.0,12,18.4,0.213,1,10771.0,Rent,Bachelor,Divorced,1,Home Improvement,0
63,57426.0,599.0,14809.0,48,24.8,0.373,2,13355.0,Own,Bachelor,Single,0,Car,0
27,45319.0,776.0,31106.0,60,6.8,0.335,2,5306.0,Mortgage,High School,Divorced,0,Debt Consolidation,0
43,80671.0,770.0,31910.0,24,10.1,0.224,1,8789.0,Rent,Master,Married,1,Business,0
52,67854.0,749.0,28661.0,72,25.2,0.053,5,22078.0,Rent,Master,Married,3,Debt Consolidation,1
43,30939.0,571.0,32588.0,48,8.0,,0,4943.0,Mortgage,High School,Divorced,1,Debt Consolidation,0
41,60010.0,740.0,3000.0,24,3.0,0.272,4,10848.0,Mortgage,High School,Married,1,Debt Consolidation,1
28,70310.0,709.0,41907.0,48,1.1,0.438,0,44204.0,Mortgage,Master,Single,0,Debt Consolidation,0
38,40257.0,564.0,14963.0,24,11.2,0.228,1,2666.0,Rent,High School,Single,0,Medical,0
31,67915.0,678.0,27732.0,12,6.0,0.123,1,7261.0,Rent,Bachelor,Married,1,Debt Consolidation,0
34,30840.0,706.0,18300.0,60,6.9,0.268,1,13381.0,Mortgage,Master,Married,0,Education,0
51,117743.0,720.0,50275.0,24,17.0,0.308,3,31040.0,Own,Bachelor,Single,1,Car,1
49,112860.0,693.0,60938.0,24,18.9,0.208,3,,Mortgage,High School,Divorced,1,Debt Consolidation,0
48,54923.0,701.0,47717.0,60,9.2,0.289,0,8908.0,,Bachelor,Divorced,1,Debt Consolidation,0
37,73817.0,,33824.0,12,12.0,0.186,0,3933.0,Own,Bachelor,Divorced,0,Home Improvement,0
64,19499.0,768.0,3000.0,60,20.6,0.073,2,0.0,Rent,Bachelor,Married,2,Business,1
24,35591.0,474.0,10634.0,60,0.5,0.352,2,7301.0,Rent,Master,Divorced,1,Car,0
36,53846.0,657.0,19177.0,24,5.8,0.116,1,16694.0,Rent,Master,Divorced,0,Debt Consolidation,0
26,37059.0,668.0,10937.0,48,0.0,0.03,3,16438.0,Rent,High School,Single,1,Business,0
36,87361.0,554.0,8463.0,24,12.5,0.12,5,33770.0,Other,Master,Divorced,2,Home Improvement,0
64,161715.0,687.0,57536.0,48,20.2,0.287,2,0.0,Rent,Bachelor,Married,2,Business,0
37,35246.0,770.0,13215.0,12,,0.394,0,1229.0,Own,Master,Divorced,2,Debt Consolidation,0
61,41478.0,602.0,7335.0,72,15.6,0.196,3,1481.0,Rent,High School,Married,2,Debt Consolidation,0
43,69418.0,704.0,42436.0,24,19.2,0.3,1,25473.0,Mortgage,Bachelor,Married,3,Business,0
52,134353.0,614.0,27750.0,60,21.2,0.08,2,34443.0,Rent,Bachelor,Single,0,Debt Consolidation,1
41,34481.0,632.0,14581.0,24,14.8,0.217,1,6032.0,Rent,Bachelor,Single,1,Education,0
32,69872.0,786.0,29953.0,24,3.4,0.359,3,8429.0,Rent,Doctorate,Single,2,Debt Consolidation,0
55,148615.0,641.0,96838.0,36,17.0,0.267,1,28064.0,Mortgage,High School,Married,0,Education,0
64,28058.0,713.0,19350.0,48,22.8,0.376,0,5161.0,Mortgage,High School,Married,1,Home Improvement,0
32,33523.0,545.0,16713.0,72,4.9,0.229,0,48.0,Own,Bachelor,Single,0,Car,0
56,50592.0,814.0,11089.0,12,16.7,0.305,0,,Own,Bachelor,Single,0,Home Improvement,1
32,48291.0,723.0,32503.0,12,2.9,0.267,0,11958.0,Mortgage,High School,Married,0,Debt Consolidation,1
53,91577.0,667.0,18562.0,36,21.1,0.149,1,2974.0,Other,Bachelor,Single,2,Business,0
56,69626.0,721.0,53808.0,36,16.1,,3,13771.0,Rent,High School,Single,2,Business,0
41,26447.0,578.0,3000.0,60,13.6,0.111,1,2680.0,Rent,Master,Single,0,,0
54,79403.0,765.0,39255.0,60,14.1,0.159,1,20209.0,Mortgage,Bachelor,Married,0,Medical,1
33,46989.0,657.0,10848.0,60,,0.244,4,6490.0,Mortgage,High School,Married,0,Medical,0
24,114305.0,665.0,60757.0,24,0.0,0.286,5,14519.0,Mortgage,Bachelor,Married,3,,0
25,45874.0,645.0,19423.0,36,1.2,0.118,0,15535.0,Mortgage,Master,Single,3,Medical,0
41,45675.0,638.0,3000.0,60,10.5,0.142,0,10662.0,Own,Master,Single,0,Home Improvement,0
61,80389.0,730.0,21081.0,36,26.8,0.268,1,20585.0,Rent,High School,Married,2,,0
26,89420.0,698.0,22493.0,48,3.9,0.252,3,9606.0,Own,Bachelor,Divorced,0,Home Improvement,0
41,76878.0,727.0,18768.0,36,13.2,0.267,2,1662.0,Mortgage,High School,Single,1,Debt Consolidation,1
52,27606.0,679.0,18937.0,36,20.3,0.289,1,4350.0,Mortgage,High School,Married,0,Business,0
30,80270.0,717.0,44270.0,60,10.3,0.445,3,15748.0,Rent,Master,Married,2,Debt Consolidation,0
53,37738.0,650.0,7375.0,36,18.6,0.055,2,15665.0,Rent,Master,Divorced,0,Car,0
34,69412.0,830.0,51955.0,72,,0.247,1,9872.0,Mortgage,High School,Married,1,Home Improvement,0
57,31304.0,567.0,13532.0,36,24.5,0.27,1,0.0,Own,Master,Single,0,Business,0
47,76813.0,771.0,31773.0,12,8.3,0.254,2,15785.0,Mortgage,Master,Single,2,Car,0
45,42097.0,778.0,15092.0,36,10.6,0.336,1,15533.0,Rent,Master,Married,1,Car,0
28,33497.0,619.0,3000.0,24,9.3,0.433,1,0.0,Mortgage,Master,Married,0,Business,0
41,87336.0,830.0,43543.0,48,17.5,0.382,0,18371.0,Mortgage,Bachelor,Married,1,Debt Consolidation,1
59,69625.0,752.0,34571.0,24,20.5,0.266,6,35004.0,Other,Doctorate,Single,2,Debt Consolidation,0
21,46174.0,750.0,29359.0,48,2.5,0.084,0,15239.0,Mortgage,High School,Single,2,Car,0
55,124425.0,682.0,25077.0,60,21.9,0.155,2,53537.0,Mortgage,Bachelor,Married,3,Education,1
43,50180.0,664.0,37074.0,36,12.9,0.268,1,13158.0,Mortgage,Bachelor,Divorced,4,Debt Consolidation,0
53,62963.0,665.0,51236.0,24,18.9,0.27,2,10252.0,Mortgage,Master,Single,0,Home Improvement,0
50,70542.0,708.0,45125.0,36,16.2,0.373,2,41790.0,Mortgage,High School,Married,1,Car,0
40,46048.0,781.0,16773.0,60,11.9,0.421,3,22759.0,Rent,Bachelor,Married,0,Car,0
34,77733.0,693.0,20525.0,48,5.7,0.236,2,14887.0,Other,Master,Divorced,1,Medical,0
49,47994.0,614.0,38375.0,24,19.8,0.183,1,,Mortgage,Bachelor,Married,0,Home Improvement,0
27,50884.0,739.0,6496.0,48,3.2,,1,528.0,Mortgage,High School,Single,1,Debt Consolidation,0
47,119248.0,746.0,47616.0,36,19.4,0.18,3,29867.0,Mortgage,High School,Married,1,Home Improvement,1
25,37624.0,727.0,33024.0,36,7.0,0.259,2,5382.0,Mortgage,Master,Married,1,Car,1
50,19472.0,734.0,23494.0,24,20.8,0.261,1,4669.0,Rent,Bachelor,Divorced,0,Business,0
49,134341.0,660.0,43355.0,72,9.4,0.24,2,52177.0,Rent,Bachelor,Married,2,Business,0
24,210779.0,613.0,73255.0,24,2.0,0.157,1,23522.0,Rent,Bachelor,Single,0,Debt Consolidation,0
55,51040.0,617.0,17027.0,24,17.2,0.246,2,7957.0,Rent,Doctorate,Married,1,Business,0
39,24470.0,562.0,13578.0,24,12.1,0.118,1,0.0,Rent,Master,Married,1,Car,0
56,53416.0,697.0,7767.0,48,21.2,0.127,1,15202.0,Mortgage,High School,Single,1,Education,1
22,54041.0,674.0,35731.0,36,2.7,0.27,2,14620.0,Rent,Master,Divorced,0,Car,0
29,56598.0,648.0,41353.0,36,4.2,0.192,2,13478.0,Own,Master,Single,0,,0
43,36332.0,467.0,32935.0,36,7.0,0.149,1,15589.0,Own,Master,Divorced,1,Debt Consolidation,0
29,,590.0,34903.0,48,2.9,0.435,2,10984.0,Rent,Bachelor,Married,1,Debt Consolidation,0
35,,761.0,41955.0,36,9.2,,1,24795.0,Mortgage,High School,Single,0,Car,1
50,30260.0,632.0,17904.0,60,,0.205,0,0.0,Mortgage,Master,Married,2,Home Improvement,1
27,86726.0,706.0,61279.0,36,3.0,0.383,0,23232.0,Own,Bachelor,Married,0,Business,0
51,166072.0,580.0,73394.0,24,20.5,,4,7100.0,Mortgage,Bachelor,Married,0,Medical,0
25,67335.0,784.0,42911.0,72,1.8,0.27,1,29265.0,Rent,High School,Married,1,Home Improvement,0
28,52732.0,670.0,12984.0,60,4.8,0.335,3,30199.0,Rent,High School,Single,1,Home Improvement,0
47,57915.0,701.0,35113.0,36,17.8,0.197,1,7935.0,Own,Bachelor,Divorced,0,Home Improvement,0
56,83301.0,830.0,42989.0,60,21.7,0.266,0,12782.0,Rent,High School,Married,1,Education,0
28,27016.0,789.0,5616.0,48,4.9,0.336,2,1831.0,Own,Bachelor,Single,1,Education,1
34,67090.0,658.0,24866.0,36,6.1,0.17,1,20358.0,Rent,Master,Divorced,0,Education,0
62,51404.0,637.0,33492.0,60,21.0,0.464,2,12560.0,Mortgage,Bachelor,Single,0,Education,0
65,150519.0,657.0,61103.0,60,13.7,0.193,1,26522.0,Mortgage,High School,Single,1,Education,0
47,57027.0,717.0,19492.0,36,18.3,0.191,0,20629.0,Rent,High School,Married,0,Car,1
41,138064.0,672.0,66322.0,48,9.6,0.253,0,33686.0,Rent,Bachelor,Married,1,Car,0
36,36501.0,652.0,28738.0,36,6.3,0.205,2,8921.0,Rent,Master,Married,0,Home Improvement,0
48,82189.0,786.0,3000.0,12,18.6,0.126,2,13873.0,Own,Bachelor,Divorced,0,Business,1
47,72273.0,672.0,37238.0,72,20.0,0.259,0,35762.0,Mortgage,Master,Single,1,Debt Consolidation,0
34,40853.0,830.0,37965.0,48,7.3,,1,737.0,Rent,Doctorate,Divorced,3,Car,1
22,67511.0,687.0,50805.0,48,0.4,0.292,2,9636.0,Mortgage,High School,Single,3,Education,0
27,110957.0,809.0,17165.0,48,5.9,0.399,2,32194.0,Rent,Bachelor,Single,3,Medical,0
64,53075.0,706.0,23827.0,48,23.3,0.279,0,20365.0,Mortgage,Bachelor,Single,3,Education,0
39,27522.0,749.0,12771.0,36,7.2,0.088,1,3402.0,Own,Bachelor,Single,1,Debt Consolidation,0
42,61480.0,628.0,45560.0,72,11.3,0.241,1,15141.0,Own,Bachelor,Married,0,Business,0
42,40204.0,619.0,24729.0,48,11.8,0.476,1,5550.0,Own,Bachelor,Married,1,Car,0
56,52605.0,713.0,38530.0,48,20.9,0.185,0,21434.0,Rent,Bachelor,Married,0,Education,0
23,59619.0,751.0,21306.0,36,2.5,0.109,3,7888.0,Rent,Bachelor,Married,4,Education,0
24,27342.0,683.0,19980.0,36,3.4,0.419,1,3338.0,Own,Bachelor,Single,0,Medical,0
33,,587.0,5880.0,12,6.4,0.184,2,,Rent,High School,Married,1,Car,1
42,78142.0,582.0,3000.0,36,13.8,0.24,2,16857.0,Rent,Bachelor,Single,1,Debt Consolidation,0
51,,577.0,4338.0,24,14.9,0.036,2,10416.0,Rent,Master,Married,0,Car,0
43,18103.0,553.0,,48,,0.303,1,10161.0,,,Married,2,Debt Consolidation,0
40,90365.0,688.0,21356.0,60,7.3,0.137,3,34090.0,Mortgage,High School,Single,2,Debt Consolidation,1
63,70659.0,761.0,25398.0,36,17.8,0.193,2,8106.0,Other,Bachelor,Married,2,Home Improvement,0
28,44013.0,679.0,21244.0,36,4.0,0.459,0,9506.0,Rent,Master,Divorced,0,Business,0
46,32952.0,,3000.0,48,12.1,0.144,1,3928.0,Rent,Master,Single,1,Debt Consolidation,0
45,92603.0,666.0,3000.0,24,17.4,0.208,0,4110.0,Rent,High School,Married,1,Medical,1
42,73319.0,668.0,7570.0,72,6.7,0.294,0,7923.0,Own,Bachelor,Divorced,1,Business,0
57,194568.0,830.0,41386.0,36,12.3,0.323,3,65568.0,Rent,Bachelor,Single,2,Debt Consolidation,1
33,,575.0,31339.0,24,5.7,0.135,1,6481.0,Other,Bachelor,Single,2,Car,0
63,74681.0,652.0,30605.0,24,18.6,0.209,2,,Mortgage,High School,Married,3,Medical,1
35,57226.0,,31620.0,72,7.0,0.131,1,12539.0,Own,Bachelor,Married,2,Medical,0
45,91761.0,712.0,30488.0,36,24.0,0.212,1,26054.0,Own,Doctorate,Married,3,Debt Consolidation,1
44,83695.0,721.0,14449.0,48,10.6,0.191,4,28046.0,Mortgage,Bachelor,Married,2,Business,0
59,113065.0,688.0,72597.0,24,16.1,0.281,2,11682.0,Mortgage,Bachelor,Single,2,Education,1
40,48274.0,704.0,6828.0,24,11.6,0.175,0,5781.0,Rent,High School,Divorced,1,Car,0
33,50307.0,736.0,18349.0,60,7.4,0.25,1,9212.0,Own,High School,Divorced,1,Education,0
21,49263.0,622.0,27372.0,24,0.9,0.338,4,7602.0,Own,Master,Married,1,Debt Consolidation,0
37,90624.0,743.0,,12,12.5,0.262,1,9969.0,Mortgage,Doctorate,Divorced,2,Home Improvement,0
58,127276.0,581.0,67742.0,48,25.0,0.108,0,28201.0,Rent,High School,Married,2,Car,1
21,49744.0,704.0,3000.0,60,1.7,0.133,0,12840.0,Other,Master,Divorced,4,Home Improvement,0
61,50564.0,,32996.0,36,22.1,0.26,1,11776.0,Other,High School,Single,0,Debt Consolidation,0
45,72088.0,636.0,55273.0,24,12.7,0.175,1,7521.0,Mortgage,Bachelor,Single,0,Car,0
27,,,33885.0,72,6.0,0.244,0,7538.0,Other,Bachelor,Divorced,1,Home Improvement,0
34,97917.0,635.0,19287.0,48,9.2,0.161,1,11228.0,Mortgage,Bachelor,Married,0,Car,0
45,21037.0,603.0,6768.0,60,12.8,0.343,4,0.0,Rent,Bachelor,Single,1,Education,0
35,,655.0,5088.0,60,5.3,0.188,4,6732.0,Mortgage,Bachelor,Married,1,Car,0
25,42588.0,601.0,9060.0,60,0.0,0.303,1,10006.0,Rent,High School,Married,0,Car,0
50,20356.0,703.0,5340.0,36,8.5,0.384,3,9170.0,Mortgage,Doctorate,Single,2,Debt Consolidation,0
51,39040.0,597.0,3000.0,36,22.4,0.084,1,4561.0,Mortgage,High School,Single,2,Car,1
26,39959.0,731.0,3000.0,60,1.5,0.182,3,6508.0,Rent,High School,Married,1,Car,0
33,,,6580.0,60,5.9,0.253,1,22060.0,Rent,Doctorate,Single,1,Medical,0
31,105780.0,639.0,49401.0,72,4.3,0.266,2,6525.0,Mortgage,Bachelor,Single,3,Car,0
50,55120.0,635.0,5593.0,48,20.4,0.217,0,3460.0,Own,Bachelor,Married,1,Car,0
53,37801.0,775.0,37023.0,36,22.3,0.135,2,4888.0,Other,High School,Married,0,Education,0
53,60328.0,704.0,20399.0,36,14.0,0.145,4,,Rent,High School,Married,2,Home Improvement,0
63,102590.0,665.0,82763.0,48,12.8,0.316,5,54999.0,Own,High School,Single,1,Medical,0
55,38810.0,716.0,15190.0,36,11.0,0.167,2,9623.0,Rent,Bachelor,Married,1,Business,0
35,40047.0,528.0,34021.0,60,10.6,0.384,5,7610.0,Rent,Bachelor,Single,0,Education,0
25,81064.0,677.0,12225.0,48,3.8,0.255,1,15464.0,Mortgage,Bachelor,Single,0,Medical,0
48,55746.0,824.0,3000.0,12,18.6,0.148,0,10901.0,Mortgage,Master,Single,0,,1
62,,690.0,16406.0,48,20.9,0.203,3,2539.0,Own,Master,Married,2,Education,1
64,61595.0,,14440.0,48,32.3,0.181,3,10556.0,Rent,Bachelor,Single,1,Debt Consolidation,0
31,86828.0,719.0,19045.0,60,4.1,0.255,3,16677.0,Rent,Doctorate,Married,1,Medical,0
31,37724.0,744.0,18176.0,36,9.4,0.133,1,15519.0,Mortgage,Master,Married,0,Debt Consolidation,0
22,61641.0,,43392.0,48,0.0,0.344,1,3293.0,Rent,Master,Married,3,Business,0
27,56036.0,559.0,13099.0,36,5.2,0.328,2,1875.0,Rent,Master,Married,0,Car,0
45,34588.0,695.0,20493.0,48,16.1,0.31,1,11624.0,,High School,Divorced,0,Business,0
45,29273.0,629.0,5266.0,12,13.0,0.212,0,3030.0,Rent,High School,Married,0,Education,0
37,86168.0,774.0,12591.0,60,10.2,0.212,1,15344.0,Own,Master,Single,1,Medical,0
34,52388.0,657.0,32509.0,60,7.7,0.268,0,7015.0,Rent,Bachelor,Single,0,Education,0
58,37956.0,541.0,7099.0,48,23.0,0.358,2,10295.0,Mortgage,Master,Single,0,Home Improvement,0
41,59203.0,589.0,9315.0,48,14.7,0.259,2,7610.0,Mortgage,Master,Single,0,Car,0
57,106547.0,482.0,37032.0,12,19.0,0.249,0,24218.0,Mortgage,High School,Single,1,Business,0
64,20747.0,663.0,8977.0,48,23.0,0.338,2,3538.0,Mortgage,Bachelor,Single,1,Medical,0
35,30227.0,666.0,15315.0,36,7.3,0.176,4,0.0,Mortgage,Doctorate,Married,2,,0
30,39811.0,649.0,16629.0,60,6.8,0.239,3,15912.0,Own,High School,Married,0,Home Improvement,0
63,125023.0,758.0,33236.0,12,23.7,0.158,2,13935.0,Rent,Master,Single,2,Home Improvement,0
49,71007.0,766.0,10203.0,60,,0.431,4,15052.0,Own,Doctorate,Married,0,Home Improvement,0
34,89608.0,668.0,,36,4.7,0.241,3,20389.0,Rent,High School,Single,0,Home Improvement,1
48,35868.0,526.0,19384.0,48,13.0,0.19,0,5100.0,Mortgage,High School,Married,0,Education,0
44,36225.0,724.0,7292.0,48,14.3,,4,10237.0,Mortgage,Bachelor,Married,2,Business,0
61,76868.0,720.0,16004.0,36,19.9,0.129,0,9921.0,Rent,Master,Single,0,Debt Consolidation,0
32,63759.0,702.0,18300.0,36,9.7,0.149,1,19580.0,Rent,Bachelor,Single,0,Education,0
65,80683.0,751.0,25036.0,60,27.9,0.223,3,34324.0,Rent,High School,Divorced,0,Home Improvement,0
63,56659.0,596.0,16179.0,48,18.7,0.232,2,4539.0,Rent,High School,Married,1,Medical,0
29,70856.0,825.0,45392.0,12,4.0,0.166,3,4598.0,Mortgage,Bachelor,Married,5,Medical,1
28,66889.0,611.0,21514.0,36,4.8,0.385,3,20828.0,Rent,Bachelor,Single,0,Debt Consolidation,0
44,90059.0,734.0,66550.0,36,8.9,0.238,1,4201.0,Own,High School,Single,0,Medical,0
23,91332.0,,24237.0,48,0.0,0.288,3,14178.0,Own,Master,Single,2,Car,0
34,28491.0,613.0,19758.0,48,,0.216,1,11529.0,Rent,High School,Divorced,3,Car,0
40,21083.0,789.0,3000.0,12,7.4,0.34,0,747.0,Rent,Master,Single,0,Business,0
64,100281.0,661.0,25522.0,48,31.2,0.102,2,54276.0,Mortgage,Master,Single,1,Debt Consolidation,0
65,109644.0,740.0,25603.0,60,36.0,0.285,1,21208.0,Own,Bachelor,Divorced,1,Business,0
27,37987.0,697.0,14769.0,60,2.7,0.303,0,12320.0,Mortgage,Bachelor,Married,0,Home Improvement,0
61,25391.0,672.0,17552.0,12,28.6,0.201,1,4228.0,Rent,High School,Single,1,Medical,0
25,65018.0,778.0,21892.0,36,1.4,0.145,0,19141.0,Other,Bachelor,Married,2,Home Improvement,0
54,96925.0,,18518.0,36,21.2,0.189,1,5485.0,Mortgage,Bachelor,Married,1,Business,0
59,146933.0,552.0,92339.0,24,24.8,0.3,0,23103.0,Rent,High School,Divorced,0,Home Improvement,0
61,79436.0,622.0,16547.0,36,21.2,0.151,1,17610.0,Own,Bachelor,Single,4,Debt Consolidation,0
31,51868.0,,27650.0,12,4.9,0.084,2,20639.0,Own,High School,Married,1,Car,0
61,40384.0,708.0,13083.0,24,23.4,0.188,1,3018.0,Mortgage,High School,Single,4,Car,1
26,62342.0,567.0,26840.0,48,4.1,0.186,1,11589.0,Rent,Bachelor,Married,1,Car,0
44,53704.0,628.0,13088.0,36,9.5,0.239,3,23616.0,Mortgage,,Married,2,,0
42,38088.0,,3000.0,60,,0.243,0,5495.0,Rent,High School,Married,1,Debt Consolidation,0
35,165759.0,654.0,106353.0,12,3.4,0.306,1,72579.0,Mortgage,,Married,2,Business,0
21,146060.0,581.0,44773.0,48,2.5,0.456,3,,Rent,High School,Married,0,Medical,0
55,106958.0,635.0,22023.0,36,23.2,,1,,Mortgage,Bachelor,Single,1,Medical,0
36,39850.0,628.0,14897.0,60,11.7,0.345,4,7450.0,Mortgage,Bachelor,Single,1,Debt Consolidation,0
50,93461.0,736.0,63210.0,60,23.9,0.173,1,9310.0,Other,High School,Single,0,Car,1
39,84281.0,,25679.0,36,13.2,0.17,2,10140.0,Own,Bachelor,Married,0,Debt Consolidation,0
37,76674.0,670.0,44604.0,48,17.5,0.418,1,11862.0,Rent,Doctorate,Single,4,Debt Consolidation,1
60,112953.0,652.0,57281.0,36,17.5,0.145,1,20209.0,Rent,Bachelor,Married,0,Education,1
25,84109.0,690.0,40338.0,48,2.9,0.276,2,34529.0,Mortgage,Bachelor,Married,0,Car,0
54,88441.0,621.0,38309.0,24,,0.057,3,8254.0,Rent,Bachelor,Divorced,1,Car,0
54,84171.0,597.0,65980.0,36,17.2,0.395,2,6125.0,Rent,Master,Married,3,Home Improvement,0
38,73019.0,612.0,28251.0,24,14.8,0.152,1,27855.0,Mortgage,Doctorate,Married,3,Business,0
32,26338.0,634.0,3000.0,60,7.0,0.332,1,3564.0,Rent,High School,Married,1,Debt Consolidation,0
21,64539.0,596.0,35466.0,36,3.0,0.259,2,17819.0,Rent,High School,Divorced,3,Education,0
63,47473.0,692.0,18313.0,48,23.1,0.305,0,2429.0,Mortgage,High School,Married,2,Education,0
63,33542.0,733.0,5116.0,36,25.4,0.214,1,9020.0,Other,Master,Single,0,Debt Consolidation,0
31,138991.0,566.0,46804.0,36,3.9,0.256,3,22601.0,Mortgage,High School,Single,2,Home Improvement,0
22,142174.0,682.0,63965.0,24,1.2,0.226,0,20579.0,Rent,Master,Divorced,0,Car,0
26,119052.0,664.0,54610.0,60,2.0,0.316,2,15438.0,Mortgage,High School,Married,0,Debt Consolidation,0
24,70080.0,705.0,20844.0,60,0.5,0.406,0,11870.0,Own,Bachelor,Married,0,Home Improvement,0
58,118562.0,679.0,72637.0,24,12.5,0.12,0,8491.0,Rent,High School,Married,0,Home Improvement,0
61,62360.0,575.0,17005.0,60,36.1,0.257,1,7137.0,Mortgage,Bachelor,Married,1,Education,0
27,68339.0,589.0,47195.0,36,1.9,0.318,1,2212.0,Mortgage,Bachelor,Married,1,Home Improvement,0
54,36681.0,682.0,14698.0,12,11.6,0.096,6,2825.0,Mortgage,Master,Divorced,1,Business,0
29,75015.0,754.0,50190.0,48,4.2,0.287,1,9506.0,Rent,Bachelor,Divorced,2,Debt Consolidation,1
37,63823.0,521.0,23625.0,24,6.2,0.374,1,8996.0,Own,Bachelor,Single,3,Business,0
47,33177.0,705.0,8145.0,24,20.7,,0,18402.0,Rent,Master,Single,2,Business,1
53,60495.0,766.0,15082.0,60,22.8,0.179,1,6619.0,Rent,Master,Single,3,Home Improvement,0
60,59672.0,669.0,15946.0,36,,0.099,0,28188.0,Rent,Master,Married,1,Home Improvement,0
23,146931.0,720.0,48270.0,60,,0.22,0,35266.0,Mortgage,Master,Married,0,Debt Consolidation,0
29,95236.0,629.0,54701.0,48,5.8,0.131,1,32612.0,Rent,Bachelor,Married,1,Car,0
33,62342.0,671.0,49780.0,60,6.5,0.26,0,13095.0,Own,Master,Married,0,Business,0
34,69864.0,563.0,25356.0,48,,0.18,0,29901.0,Own,Bachelor,Single,1,Car,0
65,63330.0,511.0,18935.0,60,27.8,0.137,1,,Rent,Master,Married,4,Medical,0
55,56246.0,748.0,6152.0,36,18.5,0.232,0,9964.0,Own,Master,Married,0,Debt Consolidation,1
35,36876.0,609.0,30547.0,48,9.1,0.274,2,2676.0,Other,High School,Married,2,Business,0
64,57664.0,647.0,38569.0,48,29.9,0.158,1,6310.0,Rent,High School,Single,1,Debt Consolidation,0
43,43337.0,580.0,17367.0,60,19.1,0.159,1,6752.0,Mortgage,Master,Single,2,Medical,0
43,34021.0,578.0,10679.0,24,13.6,0.261,3,4001.0,Other,Bachelor,Married,3,Home Improvement,0
40,79243.0,667.0,44360.0,48,,0.156,3,18422.0,Own,Bachelor,Married,0,Medical,0
27,74809.0,627.0,39409.0,60,,0.309,4,36924.0,Mortgage,Doctorate,Married,0,Debt Consolidation,0
63,26299.0,707.0,19926.0,36,30.7,0.293,3,2479.0,Own,Bachelor,Divorced,0,Education,1
21,58454.0,713.0,39383.0,60,0.4,0.255,0,7921.0,Mortgage,Bachelor,Single,0,Debt Consolidation,0
28,99990.0,703.0,,36,4.2,0.286,0,7484.0,Rent,Bachelor,Single,1,Car,0
31,103086.0,697.0,43707.0,24,5.2,,2,20209.0,Rent,High School,Single,0,Home Improvement,0
33,101447.0,794.0,21016.0,48,5.1,0.186,2,35020.0,Mortgage,Bachelor,Single,1,Business,0
26,63169.0,603.0,63207.0,36,0.0,0.223,0,13592.0,Rent,Master,Married,0,Home Improvement,0
21,41327.0,676.0,14645.0,12,0.0,,1,13362.0,Rent,High School,Single,3,Medical,0
51,36854.0,762.0,34253.0,12,12.3,0.418,0,0.0,Rent,Master,Single,1,Education,0
64,73152.0,771.0,59574.0,24,24.3,0.195,3,9507.0,Own,Master,Married,2,Business,1
26,74380.0,578.0,20316.0,60,0.3,0.442,0,27856.0,Mortgage,High School,Single,2,Car,0
34,,658.0,32009.0,60,6.0,0.171,0,12708.0,Rent,Master,Married,0,Home Improvement,0
43,105122.0,778.0,62968.0,48,12.8,0.142,0,22674.0,Rent,Master,Single,2,Debt Consolidation,1
62,58187.0,717.0,8151.0,24,26.9,0.229,0,24242.0,Rent,Bachelor,Single,0,Debt Consolidation,1
52,34121.0,694.0,22081.0,48,17.1,0.193,1,1311.0,Rent,High School,Single,1,Medical,0
55,53195.0,664.0,9111.0,60,21.1,0.33,1,5573.0,Mortgage,Bachelor,Single,2,Home Improvement,0
47,68814.0,652.0,3000.0,60,14.8,0.215,0,5311.0,Rent,Bachelor,Single,1,Education,0
39,56268.0,701.0,25605.0,36,10.8,0.101,0,12160.0,Other,High School,Married,1,Business,0
29,46981.0,662.0,27703.0,24,2.6,,3,9237.0,Rent,Bachelor,Divorced,0,Debt Consolidation,0
59,70002.0,677.0,12829.0,60,14.8,0.206,2,19110.0,Rent,Master,Single,2,Business,0
57,48678.0,686.0,25440.0,60,19.1,0.294,0,9666.0,Own,Master,Single,0,Business,0
22,45863.0,631.0,8020.0,12,0.0,0.088,0,10343.0,Rent,Master,Single,2,Medical,0
53,71998.0,718.0,8731.0,60,23.4,0.494,0,14879.0,Rent,Doctorate,Married,2,,0
24,51120.0,830.0,27860.0,24,4.0,0.14,2,54.0,Rent,High School,Single,3,Debt Consolidation,0
54,69707.0,552.0,21600.0,12,12.1,0.183,2,19520.0,Mortgage,High School,Single,2,Debt Consolidation,0
58,70688.0,703.0,28256.0,60,21.7,0.208,0,15481.0,Rent,Bachelor,Divorced,0,Debt Consolidation,1
26,35881.0,625.0,35227.0,48,4.6,0.171,1,3728.0,Own,Bachelor,Divorced,0,Car,0
40,49212.0,722.0,14177.0,36,12.3,0.031,1,9312.0,Mortgage,High School,Married,2,Business,1
26,123627.0,683.0,63422.0,60,5.8,0.422,3,12330.0,Own,Master,Single,1,Debt Consolidation,0
46,35493.0,735.0,6431.0,60,16.3,0.123,1,10956.0,Mortgage,High School,Single,2,Debt Consolidation,0
62,22447.0,765.0,3000.0,12,24.6,0.153,3,4249.0,Own,Bachelor,Single,3,Education,1
24,25367.0,694.0,3000.0,48,2.5,0.107,2,8674.0,Mortgage,,Married,2,Education,1
38,62872.0,762.0,36503.0,60,10.0,0.335,1,7016.0,Mortgage,Bachelor,Married,1,Debt Consolidation,0
64,62927.0,511.0,56943.0,48,33.8,0.205,3,11950.0,Mortgage,Bachelor,Single,1,Debt Consolidation,0
34,58597.0,795.0,18801.0,72,7.7,0.198,0,24613.0,Mortgage,High School,Divorced,1,Car,0
26,111046.0,707.0,12404.0,60,3.0,0.261,1,12200.0,Rent,Master,Married,0,Education,0
42,18000.0,758.0,3000.0,24,10.7,0.227,1,1961.0,Mortgage,Master,Married,0,Debt Consolidation,0
43,74977.0,592.0,42185.0,24,9.6,0.185,1,15919.0,Rent,Bachelor,Single,0,Business,0
50,131187.0,620.0,63819.0,60,10.0,0.428,0,3182.0,Mortgage,High School,Single,2,Car,0
35,36082.0,691.0,29469.0,72,8.2,0.097,1,6495.0,Rent,Bachelor,Single,1,Home Improvement,0
64,51667.0,679.0,26335.0,24,23.2,0.437,0,17987.0,Rent,Bachelor,Married,2,Education,0
44,43196.0,700.0,15982.0,24,15.2,0.281,1,3412.0,Rent,High School,Single,0,Home Improvement,0
33,40360.0,758.0,,60,9.3,0.201,1,357.0,Rent,High School,Single,2,Car,0
64,53013.0,553.0,20138.0,12,24.1,0.213,2,3047.0,Rent,High School,Married,0,Medical,0
62,123018.0,750.0,33501.0,12,18.3,0.175,0,7591.0,Rent,Bachelor,Married,2,Debt Consolidation,0
43,149767.0,681.0,99740.0,60,13.9,0.332,0,12019.0,Mortgage,Bachelor,Married,3,Education,0
22,52767.0,665.0,14239.0,60,0.9,0.164,2,2846.0,Mortgage,Master,Married,0,Home Improvement,1
47,154712.0,,84529.0,60,10.3,0.177,0,60454.0,Other,Bachelor,Married,1,Business,0
45,63068.0,716.0,43877.0,48,13.1,0.259,1,805.0,Own,Bachelor,Married,2,Education,1
27,143869.0,506.0,92119.0,36,4.8,0.421,1,13007.0,Rent,High School,Single,0,Debt Consolidation,0
49,59285.0,727.0,13605.0,60,10.0,0.137,0,3772.0,Mortgage,Master,Single,2,Home Improvement,0
58,66026.0,573.0,38457.0,36,21.3,0.325,1,27460.0,Mortgage,High School,Married,1,Debt Consolidation,0
25,73889.0,684.0,40122.0,36,3.0,0.297,0,17327.0,Rent,High School,Single,1,Debt Consolidation,0
53,240000.0,,130000.0,60,18.2,0.451,1,54815.0,Mortgage,Bachelor,Married,1,Home Improvement,0
27,93294.0,764.0,38609.0,60,0.0,0.158,0,33259.0,Mortgage,Master,Married,0,Debt Consolidation,0
54,44152.0,,26244.0,60,,0.253,2,4854.0,Mortgage,Master,Single,0,Debt Consolidation,0
39,98717.0,630.0,24232.0,24,16.5,0.384,1,17712.0,Rent,Bachelor,Married,0,,0
21,52115.0,644.0,24530.0,72,0.0,0.335,3,3552.0,Mortgage,Bachelor,Married,2,Debt Consolidation,0
64,49011.0,772.0,30966.0,48,27.5,0.285,2,9445.0,Rent,Bachelor,Married,0,Home Improvement,1
28,95896.0,719.0,31377.0,48,2.1,0.175,2,14153.0,Own,Bachelor,Divorced,1,Education,1
47,62932.0,652.0,4593.0,60,19.8,0.429,4,22754.0,Other,Bachelor,Single,1,Business,0
29,,663.0,65873.0,36,6.8,0.349,5,2384.0,Rent,Bachelor,Single,2,Car,0
62,62418.0,567.0,36058.0,60,16.5,0.355,1,27429.0,Own,High School,Single,5,Car,0
54,72871.0,708.0,52754.0,48,23.5,0.423,0,41416.0,Own,Doctorate,Married,1,Car,0
57,76029.0,553.0,14295.0,60,25.7,0.325,1,13456.0,Mortgage,High School,Single,2,Business,0
40,24469.0,734.0,13327.0,60,16.0,0.397,1,1944.0,Rent,High School,Married,0,Car,0
42,85378.0,689.0,12010.0,60,8.3,0.209,0,8680.0,Own,Master,Single,0,Car,1
49,38697.0,830.0,,12,11.0,0.393,0,8741.0,Mortgage,Master,Married,1,Debt Consolidation,0
56,31026.0,601.0,7373.0,24,27.6,0.083,1,11710.0,Rent,Bachelor,Married,0,Debt Consolidation,0
59,60286.0,673.0,42938.0,72,30.3,0.466,1,19903.0,Mortgage,Bachelor,Single,0,Education,0
21,64550.0,809.0,37083.0,72,0.7,0.171,1,23125.0,Mortgage,High School,Married,1,Business,0
50,44445.0,766.0,20757.0,72,,0.251,2,2522.0,Rent,Master,Married,0,Car,1
25,92391.0,630.0,43624.0,12,0.0,0.535,1,8806.0,Other,High School,Married,0,Medical,0
33,,696.0,23810.0,36,8.2,,0,3765.0,Rent,Doctorate,Married,1,Medical,0
58,50999.0,680.0,4727.0,60,15.3,0.422,4,16514.0,Mortgage,High School,Married,1,Home Improvement,0
32,46824.0,700.0,8086.0,60,6.6,0.209,1,13932.0,Mortgage,Bachelor,Married,0,Business,0
56,60629.0,630.0,3000.0,24,15.8,,0,16521.0,Rent,Bachelor,Married,2,Medical,0
41,70880.0,674.0,20112.0,48,11.7,0.24,0,24212.0,Mortgage,High School,Single,0,Home Improvement,0
31,38219.0,565.0,16910.0,24,6.1,0.246,1,6670.0,,Bachelor,Married,1,Car,0
36,87776.0,690.0,33357.0,36,6.0,0.274,0,,Mortgage,Master,Single,3,Car,0
44,63904.0,712.0,31571.0,36,14.4,0.537,1,8548.0,Mortgage,High School,Married,0,Business,0
55,,664.0,3000.0,12,13.9,0.114,1,8514.0,Other,Doctorate,Single,3,Home Improvement,0
48,24216.0,564.0,3000.0,24,14.7,0.232,3,4309.0,Own,Bachelor,Divorced,0,Business,0
62,61634.0,751.0,19438.0,60,23.0,0.18,2,20476.0,Rent,,Single,0,,0
60,55761.0,706.0,23137.0,60,19.4,0.389,1,17177.0,Rent,Bachelor,Single,2,Business,0
54,58997.0,628.0,25560.0,72,21.1,0.167,0,,Mortgage,Bachelor,Single,0,Debt Consolidation,0
48,61173.0,660.0,7683.0,36,18.3,0.201,1,6655.0,Own,Bachelor,Single,0,Car,0
34,69090.0,572.0,3000.0,36,6.1,0.312,2,14412.0,Own,Master,Single,2,Car,0
39,97710.0,606.0,41949.0,36,16.9,0.177,0,21879.0,Mortgage,Bachelor,Married,2,Debt Consolidation,0
26,36372.0,641.0,13471.0,48,2.8,0.375,3,3854.0,Own,Bachelor,Single,1,Car,1
37,35325.0,768.0,20863.0,36,12.4,0.178,2,7077.0,Rent,Bachelor,Single,0,Home Improvement,0
62,36684.0,634.0,18026.0,60,,0.133,3,4690.0,Rent,Bachelor,Single,0,Debt Consolidation,0
40,71223.0,726.0,37206.0,60,11.9,0.133,1,4825.0,Mortgage,High School,Single,2,Business,1
26,112698.0,641.0,36505.0,60,2.6,0.172,1,2284.0,Rent,High School,Divorced,3,Debt Consolidation,0
50,50405.0,698.0,20604.0,36,17.5,0.213,0,10349.0,Mortgage,Bachelor,Single,0,Business,1
64,18659.0,670.0,5850.0,48,17.5,0.369,2,12002.0,Mortgage,Master,Married,4,Medical,0
60,27364.0,743.0,3000.0,36,29.8,0.18,1,4766.0,Own,High School,Married,1,Debt Consolidation,1
33,41566.0,641.0,45960.0,12,7.0,0.492,0,5964.0,Other,Bachelor,Married,1,Home Improvement,0
41,47438.0,567.0,3000.0,60,13.3,0.078,1,5457.0,Rent,High School,Married,0,Debt Consolidation,0
44,50963.0,580.0,17792.0,48,8.1,0.371,1,23464.0,Mortgage,Bachelor,Single,0,Debt Consolidation,0
32,63159.0,642.0,26343.0,60,1.6,0.189,0,9133.0,Mortgage,Master,Married,2,Medical,0
33,53383.0,590.0,9990.0,24,8.9,0.19,1,16293.0,Rent,Master,Married,1,Business,0
31,102598.0,710.0,23769.0,72,1.6,0.24,1,15708.0,Own,Master,Single,1,Education,0
65,44820.0,646.0,23744.0,72,22.5,0.279,2,4813.0,Mortgage,Master,Divorced,2,Medical,0
54,40986.0,830.0,12656.0,36,15.8,0.245,4,14955.0,Rent,High School,Single,2,Education,0
58,78022.0,555.0,24901.0,60,20.6,0.133,3,9432.0,Own,Bachelor,Divorced,1,Home Improvement,0
57,29667.0,695.0,13348.0,36,,0.233,0,3893.0,Mortgage,High School,Divorced,2,Home Improvement,0
64,74753.0,599.0,15837.0,60,21.2,0.159,2,19972.0,Rent,Master,Single,1,Business,0
25,65128.0,644.0,28184.0,60,5.8,0.119,1,16226.0,Rent,Master,Single,0,Home Improvement,0
60,57764.0,690.0,,60,15.2,0.241,0,11593.0,Own,,Married,1,Debt Consolidation,0
23,132888.0,513.0,53366.0,60,3.0,0.23,0,28074.0,Own,High School,Single,1,Medical,0
42,45992.0,697.0,23971.0,36,7.4,0.133,0,6083.0,Rent,Bachelor,Married,0,Business,0
47,166680.0,817.0,87698.0,60,17.6,0.194,5,40470.0,Rent,Doctorate,Single,0,,1
37,55641.0,647.0,59298.0,60,8.4,0.139,3,6891.0,Rent,High School,Single,1,Car,0
27,33588.0,699.0,10838.0,24,1.8,0.374,1,8603.0,Mortgage,Bachelor,Married,1,Home Improvement,0
29,64116.0,754.0,27361.0,24,5.8,0.156,0,28455.0,Rent,Bachelor,Married,2,Debt Consolidation,0
58,36986.0,668.0,18390.0,60,18.3,0.219,2,3371.0,Mortgage,Bachelor,Married,0,Car,1
35,43219.0,638.0,8884.0,48,8.3,0.228,0,9774.0,Rent,Bachelor,Married,0,Education,0
34,75017.0,516.0,42584.0,48,5.8,0.448,1,13440.0,Mortgage,High School,Single,2,Home Improvement,0
62,80949.0,726.0,32108.0,60,18.0,0.125,0,16292.0,Mortgage,Master,Married,1,Car,0
27,45993.0,672.0,,48,4.6,0.463,3,10548.0,Mortgage,High School,Single,1,Business,0
62,99593.0,607.0,63752.0,36,15.8,0.391,1,3721.0,Rent,Master,Single,0,Business,0
62,108066.0,689.0,26433.0,36,25.6,0.32,2,40113.0,Mortgage,High School,Single,1,Debt Consolidation,0
47,123539.0,638.0,71375.0,48,16.2,0.246,1,31324.0,,Bachelor,Married,2,Car,0
28,79938.0,642.0,22931.0,60,5.1,0.25,0,3431.0,Mortgage,Bachelor,Single,1,Business,0
28,119293.0,724.0,75207.0,48,,0.177,1,,Rent,Bachelor,Single,1,Debt Consolidation,0
33,25137.0,584.0,17633.0,48,11.6,0.265,1,3942.0,Rent,High School,Married,0,,0
46,53226.0,755.0,4058.0,60,15.1,0.322,4,9950.0,,Bachelor,Single,1,Car,0
27,40894.0,579.0,5688.0,60,4.2,0.295,0,16877.0,Rent,High School,Divorced,2,Car,0
41,65652.0,632.0,14593.0,60,14.1,0.216,1,13667.0,Mortgage,Bachelor,Single,1,Debt Consolidation,0
26,47127.0,818.0,16463.0,12,,0.198,0,9010.0,Rent,Master,Single,2,,1
45,57247.0,761.0,11679.0,60,20.1,0.167,0,3552.0,Rent,Bachelor,Divorced,1,Car,0
21,153021.0,687.0,99140.0,48,1.4,0.101,1,9689.0,Mortgage,Bachelor,Married,0,Home Improvement,1
52,57149.0,612.0,24251.0,12,,0.302,1,6244.0,Mortgage,Bachelor,Married,1,Medical,0
23,75623.0,642.0,57616.0,48,0.5,0.141,1,11160.0,Rent,Bachelor,Married,0,Business,0
29,55459.0,685.0,21000.0,60,4.8,0.184,3,535.0,Own,Master,Single,0,Debt Consolidation,0
28,64295.0,683.0,14537.0,48,5.5,0.078,2,12444.0,Mortgage,Bachelor,Married,3,Business,0
58,62179.0,673.0,3000.0,60,22.9,0.128,1,11743.0,Own,Doctorate,Married,2,Debt Consolidation,1
23,76886.0,678.0,42532.0,36,1.6,0.171,0,33244.0,Rent,Master,Married,1,Debt Consolidation,0
40,108471.0,665.0,16713.0,24,16.2,0.049,0,0.0,Own,Bachelor,Single,2,Education,0
47,,576.0,23990.0,36,12.3,0.371,0,0.0,Own,Bachelor,Single,0,Car,0
44,71934.0,,,36,17.3,,0,7630.0,Rent,Bachelor,Single,2,Debt Consolidation,0
51,82279.0,746.0,60971.0,60,9.5,0.251,4,,Mortgage,Master,Married,0,Medical,0
57,35685.0,581.0,9321.0,60,,0.101,0,11827.0,Mortgage,High School,Single,3,Education,0
38,59439.0,666.0,25034.0,60,8.1,0.231,1,15622.0,Mortgage,High School,Divorced,1,Home Improvement,0
58,97366.0,621.0,36535.0,24,13.0,0.294,3,14695.0,Mortgage,High School,Single,0,Debt Consolidation,0
35,93953.0,688.0,54249.0,36,4.3,0.226,1,17319.0,Other,Master,Married,1,Debt Consolidation,0
65,68628.0,652.0,16293.0,24,24.5,0.333,0,19382.0,Mortgage,Master,Single,0,Home Improvement,0
43,94879.0,786.0,16540.0,60,12.6,0.403,0,15239.0,Other,High School,Married,0,Business,1
54,78469.0,716.0,49503.0,36,15.8,0.107,0,27909.0,Own,Bachelor,Married,0,Home Improvement,0
60,110309.0,586.0,37804.0,48,22.1,0.251,2,13083.0,Own,Master,Married,2,Car,0
56,71238.0,728.0,45503.0,60,19.8,0.499,2,11146.0,Mortgage,Doctorate,Single,0,Car,0
59,52269.0,624.0,8800.0,48,26.6,0.103,2,12354.0,Mortgage,High School,Married,1,Education,1
45,72845.0,638.0,23764.0,36,16.7,0.134,2,14514.0,Own,Bachelor,Single,1,Car,0
22,18000.0,703.0,3000.0,36,0.1,0.169,1,0.0,Mortgage,Bachelor,Married,2,Debt Consolidation,0
43,74509.0,645.0,27335.0,48,9.0,0.182,2,14977.0,Rent,Bachelor,Married,0,Debt Consolidation,0
29,18000.0,744.0,8668.0,48,3.8,0.151,2,4221.0,Mortgage,High School,Single,0,Medical,0
61,,624.0,17509.0,24,26.7,0.32,1,3167.0,Rent,,Married,2,Business,0
31,77014.0,635.0,3000.0,60,3.1,,2,10745.0,Other,Master,Married,1,Business,0
31,77972.0,633.0,65783.0,48,5.4,0.402,1,12768.0,Mortgage,Bachelor,Single,2,Education,0
32,35487.0,639.0,19754.0,36,8.0,0.276,0,9732.0,Mortgage,High School,Single,1,Car,0
49,44050.0,759.0,3000.0,24,,0.483,1,0.0,Rent,Bachelor,Married,1,Home Improvement,0
46,119701.0,,14914.0,36,14.4,0.113,2,34672.0,Mortgage,High School,Married,0,Debt Consolidation,0
63,49146.0,803.0,18291.0,36,25.2,0.41,3,6329.0,Rent,Bachelor,Married,0,Education,0
39,181951.0,830.0,47272.0,36,6.7,0.09,0,41858.0,Mortgage,Bachelor,Married,1,Debt Consolidation,0
33,61943.0,,12513.0,48,7.6,0.169,0,3127.0,Mortgage,High School,Single,0,,0
23,75414.0,685.0,55992.0,36,2.3,0.322,1,642.0,Mortgage,High School,Single,0,Medical,0
21,134725.0,595.0,66611.0,60,3.0,0.209,0,22709.0,Rent,Master,Single,0,Car,0
37,66025.0,624.0,3078.0,72,11.6,0.226,1,42094.0,Mortgage,Master,Single,0,Home Improvement,0
62,38321.0,635.0,4661.0,24,15.7,0.186,3,9590.0,Mortgage,High School,Single,0,Home Improvement,0
44,58819.0,604.0,26188.0,24,14.5,0.141,2,28541.0,Own,Bachelor,Single,0,Debt Consolidation,0
61,60949.0,604.0,53777.0,60,20.8,0.288,2,10252.0,Own,High School,Married,2,Debt Consolidation,0
25,32203.0,670.0,7403.0,72,3.4,0.109,1,,Mortgage,Master,Married,0,Debt Consolidation,0
25,54835.0,,44136.0,60,4.0,,0,5052.0,Rent,Master,Single,0,Debt Consolidation,0
58,43418.0,741.0,34857.0,12,19.3,0.239,2,6403.0,Rent,Bachelor,Married,1,Education,0
25,,614.0,21641.0,36,2.9,0.36,2,13260.0,Own,Bachelor,Single,2,Car,0
23,63039.0,830.0,5864.0,12,1.8,0.184,4,15993.0,Other,Bachelor,Single,0,Car,0
39,54130.0,648.0,34560.0,60,12.0,0.412,1,10938.0,Rent,High School,Divorced,2,Car,0
62,58919.0,685.0,42587.0,48,16.4,0.148,0,3651.0,Mortgage,Bachelor,Married,1,Car,0
52,69009.0,587.0,27043.0,48,22.2,0.451,1,29781.0,Mortgage,,Single,1,Home Improvement,0
25,83363.0,803.0,36766.0,48,0.0,0.256,2,31898.0,Rent,Bachelor,Single,1,Debt Consolidation,0
58,38370.0,761.0,24942.0,36,26.7,0.189,3,11153.0,Other,Bachelor,Married,1,Car,1
58,37606.0,701.0,8159.0,48,26.5,0.175,1,9212.0,Own,High School,Single,2,Car,0
57,105360.0,583.0,49049.0,12,26.1,0.274,1,21323.0,Other,Bachelor,Divorced,1,Car,0
61,50867.0,695.0,13050.0,48,18.4,0.246,2,22359.0,Rent,Master,Married,1,Home Improvement,0
31,31408.0,599.0,20635.0,60,7.6,0.168,2,2556.0,Mortgage,Bachelor,Single,1,Car,1
65,76720.0,785.0,16634.0,48,,0.403,3,17512.0,Own,Bachelor,Married,2,Car,0
35,77444.0,738.0,46619.0,36,8.0,0.155,0,14267.0,Mortgage,Master,Married,1,Home Improvement,1
57,29737.0,687.0,3000.0,60,19.8,0.105,0,3811.0,Mortgage,High School,Married,0,Business,0
47,69220.0,505.0,14986.0,60,14.1,0.122,1,16090.0,Mortgage,Bachelor,Divorced,1,Home Improvement,0
56,88254.0,609.0,69967.0,24,14.2,,3,27964.0,Rent,Bachelor,Divorced,2,Car,0
49,74206.0,730.0,36520.0,24,12.9,0.227,1,10417.0,Mortgage,High School,Single,0,Education,0
49,83972.0,767.0,20816.0,48,10.3,0.185,1,6476.0,Own,Doctorate,Single,1,Home Improvement,0
48,31598.0,760.0,7105.0,36,16.1,0.277,1,11009.0,Rent,Bachelor,Single,2,Medical,1
56,72678.0,565.0,39464.0,24,26.5,0.247,2,15900.0,Rent,Bachelor,Married,1,Education,0
54,53618.0,702.0,43826.0,24,20.4,0.46,0,12973.0,Mortgage,High School,Married,3,,0
27,49175.0,753.0,3000.0,24,0.4,0.08,2,3765.0,Mortgage,Doctorate,Single,3,Business,0
58,94161.0,561.0,12324.0,36,17.1,0.413,0,7931.0,Rent,Master,Divorced,1,,0
45,126114.0,679.0,33935.0,48,12.2,0.259,0,34487.0,Rent,High School,Single,0,,0
35,146706.0,700.0,111880.0,24,6.2,0.092,1,16165.0,Mortgage,Bachelor,Married,4,Education,1
44,116541.0,658.0,52080.0,60,15.4,0.242,2,23438.0,Rent,High School,Married,3,Home Improvement,0
64,58819.0,547.0,,36,20.1,0.223,1,22247.0,Mortgage,Master,Single,2,Debt Consolidation,0
59,73438.0,657.0,28801.0,36,25.0,0.244,1,14783.0,Mortgage,,Single,1,Car,0
58,89587.0,656.0,31450.0,36,23.7,0.097,2,8479.0,Mortgage,High School,Single,0,Debt Consolidation,0
41,65713.0,669.0,31959.0,60,11.6,0.445,2,13695.0,Mortgage,Bachelor,Divorced,3,Home Improvement,0
56,66016.0,639.0,29119.0,72,26.3,0.421,0,30953.0,Mortgage,Master,Single,0,Education,0
38,92069.0,648.0,44961.0,36,8.8,0.149,2,17282.0,Mortgage,Bachelor,Married,4,Home Improvement,0
51,60261.0,677.0,24814.0,12,26.2,0.327,2,0.0,Mortgage,High School,Married,1,Home Improvement,0
49,43688.0,712.0,22226.0,36,17.7,,0,3787.0,Mortgage,Doctorate,Married,2,Debt Consolidation,0
32,50815.0,658.0,24432.0,24,7.7,0.214,2,4935.0,Mortgage,High School,Divorced,2,Medical,0
32,84050.0,651.0,49391.0,60,8.0,0.232,4,26342.0,Mortgage,Bachelor,Married,0,Home Improvement,0
23,62089.0,687.0,40954.0,24,,0.274,2,15669.0,Mortgage,Bachelor,Married,3,Car,0
27,72998.0,542.0,19735.0,72,,0.136,0,,Mortgage,High School,Married,1,Debt Consolidation,0
40,85522.0,714.0,48675.0,48,7.1,0.417,1,22899.0,Rent,High School,Single,0,Education,0
42,51791.0,680.0,36072.0,48,14.0,0.235,2,2847.0,Mortgage,High School,Single,0,Medical,0
28,89133.0,683.0,20409.0,60,2.6,0.282,2,11304.0,Rent,High School,Single,1,Education,0
39,74365.0,,3000.0,12,6.5,0.23,0,,Own,Bachelor,Married,0,Medical,1
48,34275.0,539.0,21338.0,60,19.1,0.196,1,916.0,Mortgage,Master,Single,0,Medical,0
31,123896.0,538.0,53906.0,24,3.2,0.293,1,19702.0,Rent,High School,Married,1,Car,0
36,48753.0,700.0,10290.0,60,10.2,0.245,3,4415.0,Mortgage,Master,Single,0,Medical,0
37,28014.0,679.0,9546.0,48,7.6,0.427,2,4500.0,Rent,Bachelor,Married,3,Education,0
43,37544.0,692.0,6004.0,12,8.1,0.323,3,12348.0,Own,High School,Married,3,Car,0
37,37979.0,647.0,17710.0,60,11.1,0.461,2,4966.0,Own,Bachelor,Married,0,Debt Consolidation,0
54,63572.0,728.0,41247.0,12,,0.495,1,15286.0,Own,High School,Divorced,0,Home Improvement,0
35,54363.0,747.0,4344.0,24,6.4,0.124,0,27260.0,Mortgage,Bachelor,Single,0,Car,0
40,52744.0,715.0,,60,9.6,0.24,2,2486.0,Own,Bachelor,Single,2,Debt Consolidation,0
38,83479.0,661.0,19607.0,36,11.4,0.138,1,5663.0,Mortgage,Bachelor,Married,2,Debt Consolidation,1
29,72987.0,528.0,33196.0,60,4.3,0.184,5,6607.0,Own,Master,Single,0,Home Improvement,0
51,72156.0,735.0,35132.0,48,24.7,0.295,1,22896.0,Rent,High School,Married,1,Debt Consolidation,0
31,75479.0,768.0,41137.0,48,0.8,0.184,1,17226.0,Own,Master,Married,0,Car,1
34,83336.0,726.0,44014.0,36,5.4,0.142,1,10875.0,Mortgage,High School,Single,1,Debt Consolidation,0
56,22541.0,617.0,,24,21.0,0.273,1,10280.0,Rent,High School,Divorced,1,Education,0
63,52050.0,729.0,10765.0,72,29.7,0.275,4,11346.0,Other,High School,Single,1,Debt Consolidation,0
51,21772.0,742.0,,24,17.5,0.182,2,0.0,Mortgage,Master,Married,1,Home Improvement,0
62,63082.0,792.0,37342.0,48,21.6,0.168,1,15043.0,Own,Bachelor,Single,1,Home Improvement,1
59,61862.0,617.0,23429.0,36,17.0,0.316,1,12365.0,Rent,Doctorate,Married,3,Debt Consolidation,0
42,102411.0,,36458.0,36,8.8,0.238,0,3115.0,Mortgage,Master,Single,2,Car,0
55,109640.0,734.0,,48,19.8,0.16,2,0.0,Mortgage,Bachelor,Divorced,3,Car,1
35,68338.0,684.0,26267.0,60,7.2,0.173,0,0.0,Rent,Master,Divorced,0,Education,0
41,48762.0,600.0,25305.0,60,12.1,0.544,0,805.0,Own,Doctorate,Married,0,Medical,0
45,78258.0,710.0,51396.0,60,16.6,,3,22425.0,Mortgage,Master,Married,2,Car,0
64,48122.0,722.0,16307.0,36,21.9,0.172,3,4623.0,Rent,Bachelor,Married,0,Medical,1
59,61959.0,686.0,40999.0,36,28.9,0.267,2,4389.0,Mortgage,Master,Married,1,Home Improvement,0
43,99532.0,696.0,71950.0,12,16.4,0.322,0,5117.0,Rent,High School,Married,2,Debt Consolidation,1
50,47437.0,661.0,7628.0,60,,0.177,0,6483.0,Own,Master,Married,1,Business,1
30,91273.0,786.0,9300.0,36,5.5,0.285,2,24171.0,Own,Doctorate,Married,2,Education,0
57,85823.0,615.0,14072.0,48,17.0,0.086,0,23392.0,Mortgage,Bachelor,Married,1,Medical,0
45,39206.0,638.0,11455.0,24,18.5,0.132,3,18189.0,Mortgage,High School,Single,2,Education,0
44,98949.0,681.0,,60,8.6,0.274,4,39603.0,Mortgage,High School,Divorced,3,Car,0
55,,743.0,61413.0,60,27.8,0.425,2,7560.0,Rent,Doctorate,Single,0,Debt Consolidation,0
49,65109.0,572.0,18009.0,60,13.8,0.172,2,22690.0,Own,Master,Single,0,Business,0
24,43001.0,586.0,3722.0,12,2.5,0.227,2,1155.0,Rent,Master,Divorced,2,Debt Consolidation,0
33,41047.0,533.0,28402.0,72,10.4,0.398,1,6590.0,Mortgage,Doctorate,Single,2,Business,0
28,47897.0,682.0,5841.0,36,7.4,0.236,1,4641.0,Rent,Bachelor,Single,2,Education,1
54,80445.0,599.0,51938.0,36,26.1,0.179,2,4152.0,Mortgage,Master,Married,1,Debt Consolidation,0
22,39190.0,652.0,11803.0,36,0.0,0.541,2,16042.0,Own,High School,Married,4,Car,0
30,76488.0,728.0,26179.0,36,9.5,0.173,1,36667.0,Rent,High School,Single,1,Business,0
47,34161.0,634.0,10555.0,48,10.4,0.259,1,5068.0,Rent,Bachelor,Married,0,Medical,0
52,,697.0,48389.0,36,22.5,0.223,0,29269.0,Rent,Bachelor,Single,1,Home Improvement,0
43,65351.0,658.0,44478.0,36,5.5,0.271,0,8949.0,Rent,Bachelor,Married,0,Debt Consolidation,0
59,200497.0,728.0,68039.0,48,21.1,0.178,1,54276.0,Mortgage,,Single,2,Medical,1
62,32009.0,714.0,11265.0,60,29.1,0.091,2,7909.0,Own,High School,Single,1,Business,0
26,125675.0,630.0,52022.0,60,3.5,0.438,0,45301.0,Mortgage,Master,Divorced,2,Debt Consolidation,0
63,66624.0,668.0,22006.0,48,24.2,0.47,1,20066.0,Rent,,Married,1,Debt Consolidation,0
48,75528.0,755.0,,24,18.0,0.258,1,30804.0,Mortgage,Master,Married,0,Medical,1
49,65624.0,708.0,8820.0,60,24.0,0.165,0,12000.0,Own,High School,Divorced,1,Education,1
25,76754.0,579.0,44426.0,12,2.8,0.329,0,13088.0,Mortgage,Master,Divorced,3,Debt Consolidation,0
48,57591.0,727.0,5337.0,36,15.3,0.132,0,38473.0,Rent,Bachelor,Married,1,Car,0
53,124596.0,602.0,60990.0,12,23.3,0.319,1,51320.0,Own,Bachelor,Single,2,Car,0
47,49801.0,782.0,27241.0,48,14.0,0.149,1,36318.0,Rent,High School,Married,0,Business,0
24,106763.0,754.0,48150.0,36,0.6,0.229,2,3569.0,Own,High School,Married,1,Business,0
44,45506.0,701.0,7152.0,48,13.9,0.091,1,8929.0,Own,Bachelor,Single,2,Business,0
63,60233.0,691.0,39658.0,36,35.0,0.29,1,7257.0,Own,High School,Single,0,Car,0
53,37062.0,665.0,13374.0,36,13.7,0.187,1,13190.0,Rent,High School,Single,2,Home Improvement,1
27,77134.0,729.0,14219.0,36,2.7,0.152,3,14563.0,Rent,Master,Married,1,Business,0
64,124064.0,653.0,87891.0,12,14.6,0.382,2,30607.0,Own,High School,Married,0,Car,0
64,59740.0,697.0,17074.0,36,33.1,0.217,1,9482.0,Mortgage,High School,Married,1,Education,0
28,56409.0,743.0,18655.0,48,7.0,0.154,1,14765.0,Mortgage,Bachelor,Single,3,Home Improvement,0
57,36311.0,640.0,4426.0,48,22.2,0.193,2,4093.0,Mortgage,Bachelor,Single,0,Debt Consolidation,0
39,55538.0,636.0,32827.0,12,17.2,0.347,3,8125.0,,Bachelor,Married,0,Education,0
47,28864.0,594.0,4278.0,48,7.5,0.347,0,4903.0,,Bachelor,Married,1,Home Improvement,0
41,40003.0,603.0,14276.0,36,12.5,0.182,5,8939.0,Other,Bachelor,Married,1,Education,0
56,69130.0,548.0,6524.0,12,18.4,0.535,2,10047.0,Mortgage,Bachelor,Married,1,Car,0
65,116776.0,733.0,38986.0,24,30.9,0.268,0,61900.0,Mortgage,Bachelor,Married,0,Debt Consolidation,1
56,238783.0,810.0,52104.0,36,19.4,0.18,2,41271.0,Other,High School,Married,2,,0
62,46786.0,783.0,26162.0,36,22.1,0.291,3,6167.0,Mortgage,Master,Married,2,Medical,0
63,123480.0,563.0,77755.0,60,,0.135,1,39895.0,Rent,Bachelor,Single,1,Education,0
25,69695.0,732.0,43781.0,36,0.1,0.189,0,20628.0,Mortgage,Master,Divorced,0,Home Improvement,1
32,,782.0,20991.0,60,5.0,0.268,0,16392.0,Rent,Bachelor,Married,1,Car,1
53,76308.0,647.0,13802.0,36,14.2,0.359,0,16962.0,Rent,Bachelor,Married,1,Business,0
47,63870.0,687.0,51912.0,48,17.8,0.152,0,6895.0,Mortgage,Bachelor,Single,1,Education,0
23,65374.0,535.0,23153.0,60,4.2,0.1,2,11536.0,Rent,Master,Married,1,Education,0
25,50965.0,699.0,3000.0,36,,0.214,4,19807.0,Rent,Bachelor,Single,0,Home Improvement,0
44,31691.0,603.0,16249.0,12,14.0,0.319,4,4746.0,Mortgage,Bachelor,Married,1,Business,0
48,29553.0,694.0,13643.0,48,18.1,0.317,2,5105.0,Rent,Master,Married,2,Debt Consolidation,0
28,84834.0,568.0,59381.0,72,0.4,0.14,0,26942.0,Mortgage,Bachelor,Married,1,Car,0
28,54289.0,719.0,30375.0,72,2.7,0.274,0,10678.0,Rent,Bachelor,Single,5,Medical,0
26,46573.0,754.0,42053.0,36,5.0,0.283,0,8219.0,Mortgage,High School,Divorced,0,Education,0
46,,624.0,,60,11.9,0.439,1,23765.0,Own,High School,Single,0,Debt Consolidation,0
21,90804.0,598.0,37664.0,36,0.0,0.309,1,7349.0,Rent,Master,Married,1,Business,0
46,67607.0,525.0,,24,17.9,0.149,1,8257.0,Own,High School,Single,1,Debt Consolidation,0
42,45251.0,661.0,9567.0,48,8.5,0.149,2,9184.0,Rent,High School,Single,1,Debt Consolidation,0
41,111693.0,638.0,46207.0,48,7.4,0.154,4,3562.0,Rent,High School,Divorced,0,Education,0
51,132309.0,,68885.0,48,24.2,0.229,1,25082.0,Rent,Doctorate,Single,2,Home Improvement,0
44,78612.0,713.0,55911.0,60,9.9,0.474,1,15256.0,Rent,Bachelor,Divorced,0,Debt Consolidation,0
53,98938.0,648.0,46644.0,36,21.2,0.13,0,35569.0,Rent,Bachelor,Single,1,Debt Consolidation,0
55,112536.0,603.0,28697.0,48,19.2,0.214,0,42137.0,Own,Master,Married,1,Home Improvement,0
62,,640.0,34428.0,36,30.7,0.059,2,14555.0,Own,Bachelor,Single,0,Education,1
56,83254.0,757.0,37437.0,12,18.1,,1,10331.0,Other,Master,Married,2,Car,0
44,82627.0,,14527.0,36,11.7,,1,14386.0,Own,Master,Divorced,0,Car,0
43,79565.0,671.0,33392.0,72,14.8,0.255,0,33248.0,Mortgage,Bachelor,Married,3,Business,0
31,36613.0,725.0,3000.0,36,5.1,0.15,3,0.0,Rent,Master,Single,1,Car,0
47,86789.0,596.0,24621.0,24,12.3,0.11,2,16681.0,Rent,Doctorate,Married,2,Debt Consolidation,1
27,32341.0,682.0,7724.0,60,4.2,0.192,1,4604.0,Mortgage,High School,Married,0,Home Improvement,0
62,42340.0,691.0,20268.0,72,29.3,0.421,1,5906.0,Own,High School,Single,0,Debt Consolidation,0
59,115914.0,646.0,50677.0,60,,0.277,1,11777.0,Rent,Master,Married,0,Business,0
26,92799.0,711.0,20145.0,48,1.8,0.058,2,20518.0,Rent,Bachelor,Married,1,Debt Consolidation,0
56,126607.0,624.0,87384.0,36,24.2,0.339,0,13862.0,Mortgage,Bachelor,Married,0,Debt Consolidation,0
26,54420.0,717.0,10409.0,48,4.2,0.252,1,6809.0,Own,High School,Single,1,Home Improvement,1
53,35661.0,720.0,34606.0,60,24.1,0.211,2,6502.0,Mortgage,Master,Married,1,Home Improvement,1
24,55242.0,470.0,7849.0,60,1.9,0.073,1,14262.0,Mortgage,Master,Divorced,3,Debt Consolidation,0
42,65112.0,766.0,31945.0,60,14.3,0.396,1,21805.0,Mortgage,Doctorate,Married,2,Debt Consolidation,0
50,64396.0,461.0,20725.0,36,20.8,0.254,3,15855.0,Rent,Bachelor,Married,2,Debt Consolidation,0
53,106837.0,,34879.0,24,24.0,0.038,4,10795.0,Mortgage,Doctorate,Divorced,1,Debt Consolidation,0
39,52129.0,754.0,14836.0,48,8.3,0.27,5,0.0,Own,Bachelor,Single,1,Home Improvement,0
62,73414.0,657.0,37043.0,24,19.7,0.117,4,0.0,Mortgage,Bachelor,Single,0,Home Improvement,0
55,,574.0,20066.0,12,15.7,0.113,1,9461.0,Mortgage,Bachelor,Married,1,Business,0
30,76960.0,601.0,24135.0,36,8.2,0.134,4,3562.0,Rent,Bachelor,Married,1,Medical,0
51,62093.0,754.0,11210.0,48,14.1,0.349,0,17379.0,Rent,Bachelor,Divorced,4,Debt Consolidation,0
53,43260.0,542.0,30276.0,60,21.2,0.325,5,19886.0,Rent,High School,Married,1,Medical,0
36,55364.0,761.0,37719.0,60,14.2,0.246,2,18927.0,Rent,Bachelor,Single,0,,0
54,56754.0,676.0,4873.0,60,25.9,0.15,0,6515.0,Rent,Master,Single,1,Debt Consolidation,0
61,,594.0,24773.0,60,17.8,0.297,0,19883.0,Mortgage,High School,Single,1,Home Improvement,0
57,145093.0,638.0,49661.0,60,26.6,0.216,0,19678.0,Own,Master,Divorced,1,Business,0
55,59138.0,607.0,48554.0,12,23.4,0.257,1,2635.0,Mortgage,Bachelor,Single,0,Home Improvement,0
49,55150.0,,21251.0,48,11.4,0.309,1,16698.0,Mortgage,High School,Married,0,Education,0
33,22654.0,733.0,13005.0,24,5.5,0.277,2,10094.0,Other,Bachelor,Married,1,Debt Consolidation,0
56,40363.0,556.0,3000.0,12,16.6,0.22,0,3877.0,Other,High School,Single,0,Home Improvement,0
37,54645.0,651.0,31351.0,24,12.4,0.135,4,8607.0,Rent,Doctorate,Single,0,Home Improvement,0
44,44609.0,618.0,14139.0,60,14.1,0.094,1,5512.0,Rent,Doctorate,Married,2,Debt Consolidation,0
35,120344.0,773.0,68365.0,60,5.9,0.229,1,41790.0,Rent,Bachelor,Single,2,Business,0
35,57281.0,583.0,43981.0,72,6.6,0.146,1,4963.0,Own,Bachelor,Divorced,0,Car,0
28,115075.0,796.0,86165.0,72,2.7,0.284,1,42244.0,Rent,High School,Divorced,2,Debt Consolidation,0
64,63864.0,678.0,3000.0,60,17.1,0.153,1,21876.0,Rent,Master,Single,4,Education,0
27,63118.0,596.0,,24,5.1,0.075,1,15053.0,Mortgage,High School,Married,1,Education,1
24,59413.0,631.0,15925.0,60,0.1,0.192,1,16902.0,Mortgage,Master,Single,1,Debt Consolidation,1
63,62113.0,622.0,44104.0,60,18.9,0.146,2,6240.0,Mortgage,Doctorate,Single,0,Medical,0
45,141480.0,588.0,104390.0,60,15.2,0.351,0,22348.0,Own,High School,Single,1,Debt Consolidation,0
40,20363.0,687.0,5813.0,24,9.4,0.194,0,10187.0,Mortgage,Bachelor,Married,2,Debt Consolidation,1
54,23722.0,592.0,15630.0,24,17.7,0.308,1,9817.0,Own,Bachelor,Married,0,Business,0
38,47771.0,523.0,3068.0,72,16.2,0.067,2,20585.0,Rent,Bachelor,Single,1,Debt Consolidation,1
26,62434.0,653.0,29411.0,24,3.4,0.236,1,830.0,Own,High School,Married,3,Car,0
53,86348.0,550.0,9651.0,36,20.6,0.132,0,13913.0,Mortgage,Master,Married,3,Debt Consolidation,0
28,77806.0,626.0,41658.0,36,0.0,0.163,1,2988.0,Rent,High School,Married,0,,0
45,51557.0,615.0,16326.0,24,16.2,0.253,0,0.0,Other,Master,Married,1,Car,0
63,101117.0,617.0,26036.0,12,36.5,0.158,3,22495.0,Own,Bachelor,Married,3,Medical,1
63,101659.0,824.0,57370.0,72,30.3,0.065,2,6352.0,Own,Bachelor,Married,1,Debt Consolidation,0
37,67727.0,684.0,29951.0,60,12.4,0.056,1,14983.0,Own,Master,Single,1,Car,0
56,98417.0,698.0,,60,22.8,0.215,2,11603.0,Mortgage,Master,Married,1,Education,0
48,70669.0,552.0,,36,14.7,0.346,1,20855.0,Rent,Bachelor,Single,2,Medical,0
42,47353.0,633.0,25461.0,36,,0.367,0,17809.0,Rent,Bachelor,Married,2,Education,0
27,86668.0,696.0,33488.0,36,6.1,0.372,1,14878.0,Own,Bachelor,Married,0,Debt Consolidation,0
37,65381.0,606.0,13120.0,36,,0.183,1,8967.0,Own,Bachelor,Single,2,Car,0
50,62040.0,745.0,23915.0,12,18.3,0.563,4,14266.0,Other,Doctorate,Single,0,Debt Consolidation,0
65,125732.0,,38207.0,60,15.0,0.406,1,40839.0,Own,High School,Married,5,Debt Consolidation,0
21,19120.0,659.0,10629.0,72,0.4,0.429,1,7221.0,Mortgage,Bachelor,Married,0,,0
53,31395.0,638.0,3000.0,48,13.6,0.17,3,12721.0,Rent,Master,Married,3,Medical,0
59,35070.0,692.0,5185.0,36,17.2,0.32,1,5690.0,Rent,Bachelor,Married,2,Car,0
63,52079.0,634.0,9819.0,36,21.7,0.211,1,29092.0,Mortgage,Master,Single,4,Car,0
40,54868.0,660.0,9788.0,24,12.4,0.158,3,1550.0,Own,High School,Single,1,Medical,0
26,30073.0,663.0,17483.0,36,0.9,0.479,1,0.0,Rent,High School,Married,5,Home Improvement,0
33,38639.0,627.0,16099.0,48,8.3,0.14,0,17143.0,Own,Bachelor,Married,1,Debt Consolidation,0
59,41015.0,715.0,39477.0,36,16.2,0.187,2,370.0,Mortgage,Bachelor,Married,2,Medical,0
60,201683.0,697.0,127176.0,48,27.5,0.282,2,50613.0,Rent,Master,Single,0,Car,0
49,147226.0,674.0,51261.0,60,19.7,0.156,2,29163.0,Own,Bachelor,Single,1,Home Improvement,0
26,50881.0,649.0,15256.0,36,0.4,0.203,0,17352.0,Mortgage,High School,Married,4,Debt Consolidation,0
26,52071.0,737.0,24082.0,12,0.0,0.158,2,,Mortgage,Bachelor,Married,0,Home Improvement,0
42,35713.0,663.0,22161.0,12,14.7,0.347,0,0.0,Mortgage,Bachelor,Married,2,Debt Consolidation,0
47,24810.0,658.0,3000.0,24,9.0,0.433,2,904.0,Mortgage,Bachelor,Single,0,Car,0
22,58617.0,688.0,12602.0,48,2.5,0.251,2,11722.0,Rent,High School,Married,1,Business,0
51,38404.0,802.0,8653.0,60,15.9,0.238,0,241.0,Mortgage,Bachelor,Married,1,Education,0
45,59526.0,583.0,12324.0,60,17.9,0.227,0,21687.0,Own,Master,Married,1,Education,0
21,28761.0,735.0,13034.0,48,0.8,0.251,2,5932.0,Other,Bachelor,Married,0,Medical,0
25,43008.0,544.0,22583.0,36,3.8,0.289,2,5395.0,Own,Bachelor,Married,0,Home Improvement,0
41,66585.0,696.0,48645.0,24,5.8,0.095,1,18445.0,Rent,High School,Married,0,Debt Consolidation,0
53,73915.0,793.0,12093.0,36,26.4,0.184,3,11540.0,Other,Master,Married,2,Car,0
58,75756.0,715.0,,36,29.5,0.092,1,8574.0,Rent,High School,Married,2,,0
40,32894.0,692.0,7111.0,60,10.5,0.24,1,,Rent,Bachelor,Married,0,Car,0
34,93446.0,640.0,48362.0,36,6.9,0.337,2,5184.0,Mortgage,Bachelor,Single,3,Debt Consolidation,0
64,42226.0,682.0,3985.0,36,22.1,0.281,1,6592.0,Own,High School,Divorced,1,Business,0
41,84008.0,662.0,12116.0,36,17.7,0.392,2,1070.0,Other,Bachelor,Single,1,Car,0
35,61684.0,623.0,52841.0,24,11.0,0.402,1,25261.0,Own,High School,Single,1,Debt Consolidation,0
40,32023.0,659.0,15705.0,60,6.2,0.107,3,10395.0,Rent,Master,Married,0,Debt Consolidation,0
